brand,model_year,mileage_km,engine_power_hp,engine_capacity_cc,fuel_type,transmission,damage_score,price_usd
Ford,2022,52100.0,298.0,3.3,Diesel,Automatic,0,37105.15
Audi,2021,52271.0,186.0,2.4,Gasoline,Manual,0,33137.12
BMW,2016,100403.0,163.0,2.5,Electric,Manual,0,27580.56
Volkswagen,2022,28702.0,204.0,2.3,Hybrid,Automatic,0,38102.75
Toyota,2020,40701.0,280.0,3.0,Diesel,Automatic,0,36720.23
Toyota,2010,105339.0,259.0,2.8,Gasoline,Automatic,0,26072.04
Toyota,2015,166060.0,396.0,4.0,Gasoline,Automatic,1,35672.07
Mercedes-Benz,2024,12412.0,293.0,3.4,Diesel,Automatic,2,48682.66
Volkswagen,2024,17848.0,145.0,2.1,Gasoline,Automatic,0,29915.59
BMW,2012,169903.0,297.0,3.1,Gasoline,Automatic,3,21461.71
Toyota,2020,78316.0,130.0,1.6,Diesel,Manual,2,11780.75
Hyundai,2019,75051.0,121.0,1.9,Diesel,Automatic,2,7998.46
Mercedes-Benz,2016,84264.0,104.0,1.6,Gasoline,Automatic,0,21704.55
Honda,2019,102909.0,151.0,2.2,Gasoline,Automatic,0,16872.69
Honda,2011,203792.0,244.0,2.7,Gasoline,Automatic,0,19214.61
Honda,2023,35387.0,373.0,3.6,Diesel,Automatic,1,43877.75
Honda,2011,232954.0,298.0,2.8,Gasoline,Automatic,0,26982.58
Volkswagen,2022,30409.0,409.0,3.6,Gasoline,Manual,0,55213.07
Ford,2013,213910.0,276.0,3.3,Diesel,Manual,0,21822.22
Honda,2010,206154.0,219.0,2.6,Electric,Automatic,0,22708.05
Volkswagen,2012,214802.0,216.0,2.6,Diesel,Automatic,1,15784.41
Toyota,2022,52801.0,381.0,3.5,Gasoline,Manual,0,46531.4
Honda,2018,77772.0,203.0,2.6,Gasoline,Automatic,1,19555.26
Ford,2016,144527.0,288.0,3.2,Hybrid,Manual,1,25704.74
Ford,2024,18705.0,102.0,1.6,Gasoline,Automatic,0,18293.48
Mercedes-Benz,2016,130753.0,360.0,3.4,Diesel,Automatic,0,46716.62
Honda,2022,36262.0,178.0,2.1,Gasoline,Automatic,1,21337.21
Volkswagen,2022,48272.0,304.0,3.2,Gasoline,Manual,0,42192.68
Volkswagen,2020,81922.0,367.0,3.7,Hybrid,Automatic,0,52511.88
Toyota,2013,191940.0,292.0,3.1,Diesel,Automatic,0,27857.3
Volkswagen,2011,195830.0,163.0,2.4,Diesel,Automatic,0,11565.24
Toyota,2024,11236.0,114.0,1.7,Gasoline,Automatic,0,23949.59
Toyota,2023,28771.0,190.0,2.1,Gasoline,Automatic,0,29576.46
Audi,2013,198726.0,265.0,2.9,Diesel,Automatic,0,26370.3
Hyundai,2015,214338.0,206.0,2.1,Diesel,Manual,0,15241.95
Mercedes-Benz,2020,94643.0,255.0,3.0,Gasoline,Automatic,2,32948.68
Honda,2020,40118.0,130.0,1.9,Gasoline,Automatic,0,18637.18
Toyota,2012,184107.0,209.0,2.4,Gasoline,Automatic,2,11248.97
BMW,2010,302751.0,186.0,2.2,Electric,Manual,0,14305.22
Ford,2023,35588.0,234.0,2.9,Diesel,Manual,1,25306.67
Toyota,2021,57065.0,305.0,3.4,Hybrid,Manual,0,41480.89
Volkswagen,2017,137833.0,318.0,3.2,Gasoline,Automatic,1,32477.11
Toyota,2021,53094.0,402.0,4.0,Electric,Automatic,0,62950.81
Audi,2022,42964.0,219.0,2.7,Gasoline,Automatic,1,36474.69
Honda,2014,146200.0,407.0,4.0,Diesel,Automatic,0,41302.44
BMW,2024,15510.0,226.0,2.6,Hybrid,Manual,0,54124.06
Honda,2014,185409.0,413.0,4.0,Gasoline,Automatic,0,41424.73
Volkswagen,2020,51264.0,362.0,3.4,Gasoline,Automatic,2,36555.41
Volkswagen,2013,228169.0,206.0,2.5,Gasoline,Automatic,1,13106.14
Honda,2015,122214.0,395.0,3.8,Gasoline,Automatic,0,40421.2
Hyundai,2012,184800.0,183.0,2.2,Diesel,Automatic,1,10501.26
Mercedes-Benz,2018,66890.0,257.0,2.5,Diesel,Automatic,1,38295.08
Audi,2014,175707.0,292.0,2.9,Diesel,Manual,2,21757.75
Audi,2012,251275.0,238.0,2.6,Diesel,Automatic,2,17589.65
Volkswagen,2020,67668.0,272.0,3.1,Diesel,Automatic,1,32081.71
Audi,2010,154862.0,241.0,2.8,Gasoline,Automatic,0,26383.68
Toyota,2019,95195.0,163.0,2.4,Gasoline,Manual,1,14943.94
Honda,2021,86468.0,363.0,3.8,Electric,Manual,0,47253.97
Toyota,2015,94089.0,131.0,2.0,Gasoline,Automatic,3,8689.39
Honda,2024,11781.0,301.0,3.2,Diesel,Automatic,0,45491.56
Ford,2011,181914.0,190.0,2.2,Gasoline,Automatic,0,14256.7
Honda,2022,42160.0,134.0,2.4,Diesel,Manual,0,18180.47
Mercedes-Benz,2012,153662.0,171.0,1.9,Diesel,Manual,1,17068.87
Ford,2010,97598.0,106.0,1.8,Gasoline,Automatic,2,3500.0
Honda,2018,105662.0,162.0,2.3,Gasoline,Automatic,0,17815.63
Volkswagen,2017,118718.0,103.0,1.9,Diesel,Automatic,1,8902.37
Toyota,2021,35734.0,246.0,2.5,Gasoline,Automatic,1,30463.2
Mercedes-Benz,2011,268198.0,312.0,3.1,Gasoline,Automatic,1,25593.29
Toyota,2024,18851.0,221.0,2.4,Diesel,Manual,0,34154.93
Hyundai,2021,48290.0,136.0,1.6,Gasoline,Manual,2,11542.78
Mercedes-Benz,2020,83061.0,196.0,2.4,Hybrid,Automatic,0,41567.52
Honda,2017,96662.0,197.0,2.3,Diesel,Automatic,1,20670.43
Toyota,2021,64128.0,354.0,3.8,Gasoline,Manual,0,42517.88
Mercedes-Benz,2023,24896.0,294.0,3.2,Diesel,Automatic,0,62088.15
BMW,2018,155708.0,168.0,2.2,Diesel,Automatic,2,18748.43
BMW,2010,202446.0,244.0,2.6,Gasoline,Manual,0,23350.32
Mercedes-Benz,2022,42997.0,360.0,3.6,Gasoline,Manual,0,58049.65
Toyota,2014,124249.0,336.0,3.3,Gasoline,Manual,1,28739.01
Ford,2017,170064.0,108.0,1.8,Gasoline,Automatic,0,6009.46
Toyota,2024,26459.0,115.0,2.2,Gasoline,Manual,0,21667.76
Mercedes-Benz,2020,101333.0,306.0,3.0,Gasoline,Automatic,0,49765.35
Volkswagen,2023,33893.0,243.0,2.7,Gasoline,Automatic,0,39258.13
Ford,2011,165392.0,243.0,2.9,Diesel,Manual,0,19718.68
Toyota,2013,196386.0,263.0,2.8,Diesel,Manual,0,21784.56
Honda,2016,131343.0,181.0,2.6,Diesel,Manual,2,11390.99
Honda,2012,247103.0,270.0,3.1,Diesel,Automatic,0,20029.15
BMW,2022,47159.0,220.0,2.4,Hybrid,Manual,0,46213.7
Volkswagen,2021,51248.0,387.0,3.8,Diesel,Manual,0,49182.94
Audi,2014,192512.0,364.0,3.5,Diesel,Automatic,0,40604.92
Ford,2017,125987.0,362.0,3.4,Gasoline,Manual,1,31611.37
Toyota,2021,11140.0,165.0,2.2,Hybrid,Automatic,1,24999.92
BMW,2019,102687.0,266.0,3.2,Gasoline,Automatic,0,40582.73
Mercedes-Benz,2012,160365.0,273.0,3.1,Gasoline,Automatic,0,31847.16
Volkswagen,2013,139886.0,408.0,3.9,Diesel,Automatic,0,42940.29
Mercedes-Benz,2023,26860.0,220.0,2.7,Gasoline,Manual,1,41298.38
Volkswagen,2024,15895.0,138.0,2.0,Gasoline,Automatic,0,28407.75
Volkswagen,2018,112377.0,144.0,1.8,Diesel,Automatic,0,16615.11
Ford,2023,25096.0,243.0,2.7,Diesel,Automatic,0,36562.61
Toyota,2023,33562.0,289.0,3.0,Diesel,Manual,1,33269.68
Toyota,2016,146667.0,397.0,4.0,Hybrid,Automatic,2,35795.89
Toyota,2010,302843.0,207.0,2.4,Gasoline,Manual,2,9308.81
Volkswagen,2023,35773.0,352.0,3.3,Gasoline,Automatic,0,50594.14
Honda,2021,45590.0,135.0,2.0,Diesel,Automatic,0,20358.61
Volkswagen,2013,177427.0,391.0,3.7,Gasoline,Manual,0,39992.5
Audi,2013,207918.0,278.0,2.9,Diesel,Automatic,1,25039.12
Honda,2018,93241.0,399.0,3.8,Gasoline,Automatic,3,30175.98
Ford,2015,182708.0,407.0,3.8,Diesel,Automatic,0,39168.39
BMW,2018,54361.0,218.0,2.7,Diesel,Automatic,0,36472.21
Honda,2021,29758.0,138.0,2.3,Diesel,Automatic,0,22668.72
Toyota,2024,20785.0,114.0,2.0,Diesel,Automatic,0,23353.43
Honda,2015,86584.0,355.0,3.2,Diesel,Manual,0,36571.2
Toyota,2015,98149.0,207.0,2.4,Gasoline,Automatic,0,20609.24
Audi,2014,138338.0,233.0,2.6,Gasoline,Manual,0,25613.69
Mercedes-Benz,2014,185007.0,289.0,2.7,Gasoline,Automatic,0,36036.84
Volkswagen,2011,104757.0,246.0,2.6,Gasoline,Automatic,1,19704.99
Mercedes-Benz,2017,120764.0,223.0,2.6,Gasoline,Automatic,0,35999.91
Mercedes-Benz,2017,143067.0,237.0,2.6,Diesel,Automatic,0,31752.09
Honda,2020,64883.0,160.0,2.1,Gasoline,Automatic,0,20197.03
Audi,2022,37295.0,322.0,3.0,Diesel,Automatic,2,40772.6
Volkswagen,2010,232152.0,388.0,3.7,Hybrid,Automatic,1,35646.88
Mercedes-Benz,2017,102143.0,243.0,2.8,Gasoline,Automatic,0,35929.0
Audi,2014,212514.0,179.0,2.3,Gasoline,Automatic,0,16494.81
Honda,2011,142984.0,288.0,3.1,Gasoline,Automatic,0,25652.59
Toyota,2023,28012.0,250.0,2.9,Diesel,Manual,1,31472.43
Honda,2011,212041.0,115.0,1.7,Gasoline,Automatic,1,4046.84
Ford,2023,24750.0,210.0,2.5,Gasoline,Automatic,2,22510.71
Mercedes-Benz,2024,3088.0,390.0,3.6,Diesel,Automatic,0,77643.67
Mercedes-Benz,2024,11014.0,301.0,3.1,Gasoline,Automatic,3,40401.4
Toyota,2015,173222.0,152.0,1.9,Diesel,Automatic,3,8349.12
Volkswagen,2020,85159.0,157.0,2.3,Diesel,Automatic,2,16210.28
Ford,2022,42394.0,342.0,3.4,Diesel,Automatic,0,44006.67
Honda,2018,70214.0,91.0,1.9,Gasoline,Manual,0,10283.9
Toyota,2010,227456.0,197.0,2.5,Hybrid,Automatic,0,17574.75
Ford,2021,44448.0,375.0,3.5,Diesel,Automatic,0,47192.21
Audi,2015,143722.0,138.0,2.0,Gasoline,Manual,0,15242.07
Honda,2018,99822.0,229.0,2.8,Gasoline,Automatic,1,21237.46
Volkswagen,2017,76150.0,307.0,3.2,Gasoline,Automatic,1,29354.99
BMW,2020,52068.0,133.0,2.0,Hybrid,Automatic,2,25673.27
Ford,2015,149362.0,358.0,3.4,Hybrid,Automatic,0,38705.75
Hyundai,2012,177199.0,167.0,2.2,Diesel,Automatic,0,7597.62
Hyundai,2017,83397.0,305.0,3.2,Hybrid,Automatic,1,29967.93
Honda,2018,71585.0,187.0,2.2,Gasoline,Automatic,0,22075.85
Volkswagen,2010,192141.0,325.0,3.1,Gasoline,Automatic,0,31549.77
Honda,2021,75053.0,371.0,3.9,Hybrid,Automatic,3,33989.2
Honda,2018,91957.0,238.0,2.8,Diesel,Automatic,1,24901.32
Toyota,2023,22209.0,393.0,3.7,Diesel,Automatic,0,56053.97
Volkswagen,2024,12459.0,155.0,2.2,Diesel,Automatic,2,21590.34
Volkswagen,2015,102074.0,323.0,3.0,Electric,Automatic,1,37084.75
Toyota,2015,82707.0,176.0,1.9,Diesel,Automatic,1,16674.34
Honda,2021,39726.0,168.0,2.4,Hybrid,Automatic,1,23213.81
Audi,2013,168787.0,294.0,3.1,Diesel,Automatic,0,32241.59
Honda,2010,213834.0,368.0,3.6,Gasoline,Automatic,1,30475.91
Toyota,2019,105511.0,343.0,3.5,Hybrid,Automatic,0,44830.03
Volkswagen,2017,116120.0,393.0,4.4,Gasoline,Automatic,0,45202.83
Hyundai,2011,191814.0,219.0,2.7,Hybrid,Automatic,2,12570.14
Honda,2021,42229.0,173.0,2.0,Diesel,Automatic,0,22363.17
BMW,2010,250613.0,365.0,3.3,Diesel,Automatic,1,32039.63
Mercedes-Benz,2011,,276.0,3.2,Diesel,Manual,2,22256.01
Honda,2010,144572.0,135.0,2.1,Gasoline,Automatic,2,6453.43
BMW,2010,243677.0,272.0,3.1,Gasoline,Automatic,2,20829.18
Ford,2018,61104.0,357.0,3.4,Electric,Automatic,0,49952.87
Volkswagen,2022,67232.0,385.0,3.8,Electric,Automatic,0,61106.63
Volkswagen,2023,19131.0,411.0,3.8,Gasoline,Automatic,0,58971.26
Volkswagen,2010,226296.0,189.0,2.5,Electric,Automatic,0,16812.44
Toyota,2022,27582.0,167.0,2.4,Hybrid,Automatic,0,29594.11
Mercedes-Benz,2013,143149.0,361.0,3.5,Diesel,Manual,0,40045.16
Honda,2019,77747.0,251.0,3.0,Gasoline,Automatic,1,27261.3
Honda,2015,129242.0,133.0,2.0,Hybrid,Automatic,3,7701.79
Toyota,2016,151586.0,327.0,3.4,Diesel,Automatic,1,30268.38
Volkswagen,2011,177379.0,223.0,2.3,Hybrid,Manual,1,17861.28
BMW,2015,173542.0,281.0,3.1,Hybrid,Manual,0,33936.84
Toyota,2016,213920.0,367.0,3.5,Hybrid,Automatic,0,41071.99
Volkswagen,2019,83913.0,107.0,1.9,Diesel,Manual,0,13798.76
Honda,2023,29750.0,101.0,2.0,Gasoline,Manual,1,16460.73
BMW,2019,86047.0,269.0,3.0,Gasoline,Manual,0,40286.68
Toyota,2011,282267.0,212.0,2.3,Gasoline,Automatic,1,13503.38
BMW,2024,22224.0,335.0,3.5,Gasoline,Automatic,0,62817.66
Ford,2011,155004.0,311.0,3.3,Diesel,Manual,0,27107.24
Audi,2019,40783.0,140.0,2.4,Diesel,Manual,0,26073.91
Toyota,2016,116829.0,160.0,2.2,Hybrid,Automatic,0,18198.67
Ford,2021,47600.0,137.0,1.9,Gasoline,Automatic,0,17254.69
Toyota,2010,320000.0,108.0,1.9,Diesel,Manual,1,3500.0
Audi,2017,160191.0,351.0,3.5,Gasoline,Automatic,1,38944.97
Mercedes-Benz,2020,57171.0,173.0,2.3,Gasoline,Automatic,0,35480.58
Honda,2022,31906.0,244.0,2.6,Gasoline,Automatic,2,27722.23
BMW,2012,175535.0,142.0,2.0,Diesel,Automatic,0,13803.38
Mercedes-Benz,2020,91994.0,196.0,2.4,Gasoline,Automatic,3,22425.03
Volkswagen,2015,143720.0,393.0,3.8,Diesel,Automatic,0,43212.96
Volkswagen,2018,83452.0,224.0,2.5,Gasoline,Automatic,1,24873.24
Honda,2015,131664.0,,2.2,Hybrid,Automatic,0,16163.28
Toyota,2018,80846.0,100.0,1.5,Hybrid,Automatic,0,13446.13
Audi,2016,158401.0,232.0,2.4,Electric,Automatic,0,32333.64
Audi,2024,5352.0,281.0,3.1,Hybrid,Automatic,0,61007.04
Volkswagen,2018,88798.0,158.0,2.3,Hybrid,Automatic,0,20833.04
Ford,2011,242451.0,112.0,1.5,Hybrid,Manual,0,3500.0
Ford,2021,49562.0,270.0,2.6,Diesel,Automatic,3,22357.42
BMW,2017,67047.0,382.0,3.5,Gasoline,Manual,1,45110.27
Audi,2017,116670.0,98.0,1.7,Gasoline,Manual,1,12803.98
Audi,2011,171879.0,360.0,3.8,Gasoline,Manual,1,31550.03
Mercedes-Benz,2021,64614.0,182.0,2.3,Diesel,Automatic,3,24880.64
BMW,2023,25679.0,106.0,1.6,Diesel,Manual,0,34411.89
Toyota,2013,163084.0,243.0,2.8,Hybrid,Automatic,0,22557.66
Toyota,2023,29783.0,417.0,4.0,Electric,Automatic,2,50049.6
Audi,2024,9273.0,238.0,2.4,Gasoline,Automatic,1,47673.27
Volkswagen,2020,73360.0,356.0,3.3,Diesel,Automatic,0,44165.05
Toyota,2024,16130.0,417.0,3.7,Electric,Automatic,0,71056.73
Toyota,2016,95674.0,195.0,2.9,Gasoline,Automatic,0,21637.97
BMW,2020,72131.0,124.0,2.1,Diesel,Automatic,2,18965.22
Toyota,2013,209862.0,208.0,2.4,Gasoline,Automatic,0,14978.08
Toyota,2013,184248.0,103.0,2.0,Diesel,Automatic,3,4903.09
Volkswagen,2015,183170.0,103.0,1.6,Gasoline,Automatic,2,4157.69
BMW,2019,78045.0,355.0,3.8,Hybrid,Automatic,1,50462.48
BMW,2015,76504.0,229.0,2.7,Diesel,Manual,0,29563.27
Honda,2019,,383.0,3.6,Gasoline,Automatic,0,44353.69
BMW,2024,17277.0,208.0,2.6,Gasoline,Automatic,0,51959.38
Honda,2012,246605.0,327.0,3.4,Diesel,Automatic,0,28205.66
Honda,2024,20759.0,123.0,2.0,Electric,Automatic,1,22069.16
BMW,2018,106261.0,258.0,2.9,Diesel,Automatic,0,39764.95
BMW,2021,63304.0,99.0,1.7,Diesel,Automatic,0,26200.49
Mercedes-Benz,2019,76588.0,211.0,2.7,Gasoline,Manual,0,34389.69
BMW,2023,17663.0,234.0,3.2,Diesel,Manual,2,37454.87
Volkswagen,2020,74755.0,312.0,3.5,Diesel,Manual,0,37471.78
Toyota,2011,245627.0,346.0,3.5,Diesel,Automatic,2,25491.19
Ford,2015,164849.0,357.0,3.5,Gasoline,Automatic,0,37029.68
Honda,2021,74443.0,93.0,1.6,Diesel,Automatic,0,12927.74
Honda,2016,115970.0,195.0,2.1,Diesel,Automatic,0,20855.09
Hyundai,2021,51573.0,174.0,2.4,Electric,Automatic,0,23431.49
Ford,2022,41157.0,303.0,3.0,Hybrid,Automatic,1,37520.7
Audi,2018,81038.0,210.0,2.4,Diesel,Automatic,0,32389.23
Volkswagen,2022,35276.0,221.0,2.7,Diesel,Automatic,0,32540.4
Mercedes-Benz,2012,199704.0,286.0,3.0,Gasoline,Automatic,1,28573.29
Volkswagen,2019,99842.0,108.0,1.7,Hybrid,Manual,1,13336.61
Volkswagen,2012,169640.0,219.0,2.3,Gasoline,Automatic,1,17361.73
Volkswagen,2016,85695.0,101.0,2.0,Gasoline,Automatic,0,8592.45
Honda,2023,22501.0,170.0,2.0,Gasoline,Manual,0,26905.81
BMW,2013,181004.0,419.0,3.9,Hybrid,Automatic,3,34281.86
Honda,2022,51966.0,351.0,3.1,Gasoline,Automatic,2,35166.33
Toyota,2017,117726.0,214.0,2.5,Diesel,Automatic,3,14515.89
BMW,2022,47250.0,396.0,3.8,Diesel,Manual,0,60646.29
Toyota,2016,120113.0,356.0,3.6,Gasoline,Automatic,1,33962.71
Audi,2014,173901.0,229.0,2.4,Gasoline,Automatic,1,23158.17
Audi,2016,117577.0,418.0,4.1,Hybrid,Manual,0,52640.47
Audi,2012,240126.0,91.0,1.3,Hybrid,Automatic,2,3664.2
Ford,2021,74226.0,97.0,1.7,Gasoline,Manual,1,10085.8
Toyota,2011,134742.0,339.0,3.4,Hybrid,Manual,0,34133.7
Audi,2015,125516.0,228.0,2.6,Diesel,Manual,0,25443.13
Ford,2011,209654.0,213.0,2.6,Gasoline,Manual,2,11165.18
Hyundai,2012,170963.0,398.0,4.0,Diesel,Automatic,0,38616.43
Hyundai,2015,202859.0,317.0,3.5,Electric,Manual,0,30574.53
Mercedes-Benz,2014,167056.0,99.0,1.7,Diesel,Automatic,0,12255.22
Honda,2017,86195.0,301.0,3.0,Gasoline,Automatic,0,36278.26
Ford,2018,112622.0,201.0,2.5,Electric,Automatic,2,18689.39
Mercedes-Benz,2020,75024.0,97.0,1.6,Diesel,Automatic,0,25411.58
Honda,2012,193280.0,381.0,4.0,Gasoline,Automatic,0,36101.8
Toyota,2021,87308.0,342.0,3.3,Diesel,Automatic,2,31277.94
Volkswagen,2019,90273.0,103.0,1.6,Diesel,Manual,0,14695.88
Audi,2012,160418.0,329.0,3.4,Hybrid,Automatic,0,41000.76
BMW,2012,91527.0,331.0,3.0,Diesel,Automatic,1,34170.29
Volkswagen,2022,41509.0,238.0,2.6,Gasoline,Automatic,0,36055.46
Toyota,2022,51245.0,325.0,3.3,Diesel,Manual,0,42248.11
Volkswagen,2015,132736.0,395.0,3.9,Diesel,Automatic,1,38145.71
Hyundai,2024,3429.0,256.0,2.6,Gasoline,Automatic,1,29536.49
Toyota,2024,18362.0,109.0,1.6,Diesel,Automatic,1,22895.32
Volkswagen,2010,259680.0,305.0,3.4,Hybrid,Automatic,3,16460.98
Mercedes-Benz,2016,150339.0,224.0,2.6,Gasoline,Manual,1,27917.27
BMW,2021,,218.0,2.7,Diesel,Automatic,1,38279.59
BMW,2010,181948.0,383.0,3.6,Gasoline,Manual,2,30707.18
BMW,2023,22894.0,335.0,3.4,Gasoline,Manual,0,57212.98
Ford,2014,132256.0,278.0,3.0,Gasoline,Automatic,0,26106.82
Honda,2024,1305.0,133.0,2.3,Gasoline,Manual,1,19695.92
Mercedes-Benz,2019,103750.0,175.0,2.2,Hybrid,Manual,0,32321.17
Mercedes-Benz,2022,55768.0,133.0,1.9,Gasoline,Manual,0,34238.05
Mercedes-Benz,2017,66283.0,419.0,4.2,Diesel,Automatic,0,61439.15
Audi,2013,219411.0,234.0,2.6,Gasoline,Automatic,0,21129.6
Volkswagen,2014,157703.0,140.0,2.1,Electric,Automatic,0,13925.48
Volkswagen,2013,220145.0,331.0,3.6,Diesel,Automatic,2,25313.77
Mercedes-Benz,2021,53018.0,383.0,3.6,Diesel,Manual,2,46548.54
BMW,2021,51874.0,140.0,2.1,Gasoline,Automatic,1,28792.23
BMW,2023,33134.0,355.0,3.9,Gasoline,Automatic,2,48746.2
Mercedes-Benz,2013,135796.0,209.0,2.7,Gasoline,Automatic,0,26018.33
Audi,2021,76201.0,289.0,3.1,Hybrid,Manual,0,47444.54
Ford,2017,73290.0,337.0,3.4,Diesel,Manual,0,36382.36
Ford,2011,170437.0,159.0,2.0,Diesel,Automatic,1,7853.74
Toyota,2010,243258.0,146.0,1.8,Diesel,Automatic,0,6824.19
Volkswagen,2012,160488.0,128.0,2.2,Gasoline,Automatic,0,7411.36
Toyota,2018,119717.0,378.0,4.0,Diesel,Automatic,1,38549.76
Ford,2013,220973.0,107.0,1.6,Diesel,Manual,0,5024.36
Volkswagen,2019,100359.0,309.0,3.3,Diesel,Automatic,3,22482.42
Honda,2014,84416.0,402.0,3.9,Diesel,Automatic,1,38652.93
Volkswagen,2011,207358.0,333.0,3.6,Gasoline,Manual,0,30524.96
Toyota,2013,205763.0,,3.9,Gasoline,Manual,0,37191.44
Toyota,2011,125082.0,387.0,3.8,Hybrid,Manual,1,36390.92
Mercedes-Benz,2024,15990.0,372.0,3.5,Diesel,Manual,0,66961.81
Ford,2011,224709.0,163.0,2.2,Gasoline,Automatic,0,10819.89
Toyota,2013,112991.0,199.0,2.4,Electric,Automatic,0,21789.1
Volkswagen,2015,162941.0,269.0,3.0,Gasoline,Automatic,2,22117.31
Mercedes-Benz,2016,132248.0,121.0,1.8,Hybrid,Automatic,0,21699.83
Honda,2019,91885.0,323.0,3.2,Electric,Automatic,2,33173.64
Volkswagen,2012,132556.0,371.0,3.5,Hybrid,Automatic,2,32650.12
Toyota,2012,190323.0,114.0,1.9,Hybrid,Manual,0,7072.93
Toyota,2019,47922.0,368.0,3.6,Gasoline,Automatic,1,39693.0
Volkswagen,2015,62730.0,315.0,3.6,Gasoline,Automatic,0,36421.35
Volkswagen,2022,35234.0,146.0,1.8,Diesel,Manual,0,21733.1
Volkswagen,2021,71458.0,269.0,3.0,Gasoline,Automatic,1,32879.8
BMW,2012,203887.0,321.0,3.3,Gasoline,Automatic,1,30323.58
Hyundai,2022,39472.0,376.0,4.1,Diesel,Automatic,0,46102.52
Volkswagen,2011,190935.0,153.0,2.2,Gasoline,Manual,2,8139.01
Honda,2017,89688.0,321.0,3.4,Hybrid,Automatic,1,34569.9
Mercedes-Benz,2014,149784.0,378.0,3.7,Hybrid,Automatic,2,37868.09
Honda,2024,16309.0,302.0,3.0,Hybrid,Manual,0,44572.32
Ford,2010,189981.0,347.0,3.5,Diesel,Manual,2,22012.41
Toyota,2012,219647.0,107.0,1.5,Hybrid,Automatic,0,5896.36
Toyota,2019,91293.0,264.0,2.6,Hybrid,Manual,0,30158.23
Hyundai,2017,115288.0,318.0,3.5,Diesel,Automatic,1,27021.77
Mercedes-Benz,2013,196787.0,315.0,2.9,Gasoline,Automatic,1,32448.59
BMW,2023,16545.0,173.0,2.2,Hybrid,Manual,0,47084.2
Ford,2016,145420.0,380.0,3.5,Hybrid,Manual,0,39405.4
Toyota,2019,78854.0,335.0,3.3,Diesel,Automatic,0,39363.05
Toyota,2021,55231.0,199.0,2.5,Gasoline,Manual,1,24216.95
Honda,2023,28099.0,343.0,3.6,Diesel,Manual,0,44140.05
Volkswagen,2023,19114.0,177.0,2.5,Gasoline,Automatic,0,30215.81
BMW,2011,198038.0,161.0,2.0,Hybrid,Automatic,0,17856.96
BMW,2016,62436.0,119.0,1.8,Electric,Automatic,3,16950.74
Honda,2014,133170.0,261.0,3.7,Gasoline,Manual,1,21807.02
Audi,2014,93301.0,398.0,3.8,Diesel,Automatic,1,42056.52
BMW,2015,175837.0,266.0,2.7,Gasoline,Automatic,2,24596.41
Volkswagen,2022,52713.0,,2.5,Diesel,Automatic,0,35509.16
Volkswagen,2018,67580.0,283.0,3.0,Gasoline,Automatic,0,35855.49
Ford,2023,34900.0,275.0,2.9,Diesel,Manual,0,35973.72
Honda,2015,163346.0,307.0,3.1,Gasoline,Automatic,1,28818.78
Ford,2021,62589.0,253.0,2.8,Gasoline,Automatic,0,32085.7
BMW,2022,43060.0,,2.8,Gasoline,Automatic,0,48518.16
Toyota,2024,17184.0,102.0,1.5,Gasoline,Automatic,0,23248.8
Toyota,2023,18411.0,385.0,3.8,Diesel,Automatic,0,52893.73
Toyota,2017,112941.0,178.0,2.3,Gasoline,Manual,0,17245.91
Toyota,2016,114862.0,413.0,4.0,Diesel,Automatic,3,30152.63
Mercedes-Benz,2018,84283.0,131.0,1.6,Hybrid,Manual,1,19770.78
BMW,2013,175772.0,299.0,3.2,Hybrid,Automatic,2,28673.91
Ford,2011,,318.0,2.9,Hybrid,Automatic,3,20322.11
Toyota,2016,166700.0,364.0,3.6,Hybrid,Automatic,0,40939.45
Volkswagen,2015,148197.0,368.0,3.8,Gasoline,Manual,0,37124.33
Ford,2010,247998.0,340.0,3.6,Gasoline,Automatic,1,26767.88
Toyota,2020,83766.0,399.0,3.9,Diesel,Automatic,2,37297.52
Ford,2018,166376.0,297.0,3.3,Hybrid,Automatic,0,35008.87
Ford,2018,54540.0,410.0,3.9,Electric,Manual,3,34408.98
Volkswagen,2021,41809.0,229.0,2.5,Gasoline,Automatic,0,34112.09
Volkswagen,2011,263088.0,369.0,4.2,Gasoline,Manual,0,30675.13
Toyota,2012,165498.0,123.0,2.0,Gasoline,Manual,1,6244.3
Ford,2014,188848.0,398.0,3.6,Diesel,Manual,0,38247.05
Volkswagen,2014,159458.0,107.0,1.4,Diesel,Manual,0,6840.26
Volkswagen,2024,23485.0,146.0,1.9,Gasoline,Automatic,0,30852.75
Mercedes-Benz,2010,161968.0,201.0,2.7,Diesel,Automatic,0,22159.33
BMW,2017,137489.0,94.0,1.7,Diesel,Automatic,1,15814.02
Toyota,2021,83405.0,271.0,2.5,Diesel,Manual,2,23277.49
Toyota,2017,83266.0,102.0,1.7,Gasoline,Automatic,2,8131.44
BMW,2013,203134.0,374.0,3.7,Hybrid,Automatic,1,40179.43
Toyota,2022,29709.0,348.0,3.0,Diesel,Manual,0,45020.19
Volkswagen,2016,126220.0,179.0,2.3,Hybrid,Automatic,0,19681.27
Audi,2024,13749.0,193.0,2.2,Hybrid,Automatic,0,48620.99
Volkswagen,2024,4082.0,275.0,2.6,Gasoline,Automatic,0,45944.86
Ford,2020,69821.0,339.0,3.7,Gasoline,Automatic,0,40081.05
BMW,2019,85841.0,344.0,3.2,Diesel,Automatic,2,38547.86
Ford,2012,,165.0,2.0,Gasoline,Manual,2,6246.95
Volkswagen,2015,164656.0,197.0,2.3,Hybrid,Automatic,0,20829.08
Audi,2023,34708.0,245.0,2.8,Diesel,Manual,1,37906.51
Ford,2019,91391.0,171.0,2.6,Hybrid,Automatic,0,20533.39
Hyundai,2022,43040.0,166.0,1.9,Gasoline,Automatic,1,16544.64
Audi,2019,82295.0,347.0,3.4,Gasoline,Automatic,1,42980.78
Honda,2021,39024.0,216.0,2.6,Diesel,Automatic,0,30081.87
Toyota,2023,10903.0,371.0,3.5,Gasoline,Automatic,0,53734.64
Toyota,2018,98373.0,177.0,2.2,Diesel,Manual,2,13817.19
Toyota,2010,98845.0,293.0,3.2,Hybrid,Automatic,1,28748.99
Toyota,2014,166013.0,105.0,1.6,Gasoline,Automatic,2,3813.37
BMW,2013,112734.0,240.0,2.6,Diesel,Automatic,1,24435.46
Toyota,2017,86617.0,343.0,3.4,Gasoline,Automatic,3,23647.43
Honda,2020,54028.0,277.0,3.0,Gasoline,Manual,0,31238.21
Mercedes-Benz,2021,59300.0,418.0,4.0,Electric,Manual,0,72652.41
Toyota,2010,210037.0,121.0,2.0,Electric,Automatic,0,8973.83
Mercedes-Benz,2018,121792.0,360.0,4.0,Diesel,Automatic,0,49140.67
Honda,2015,113280.0,94.0,1.1,Hybrid,Manual,0,8291.53
Toyota,2013,190588.0,419.0,4.0,Diesel,Automatic,1,37507.27
BMW,2021,96540.0,397.0,3.6,Gasoline,Automatic,0,60648.74
Volkswagen,2018,103284.0,258.0,2.8,Gasoline,Manual,0,27291.52
Mercedes-Benz,2020,55660.0,270.0,3.1,Hybrid,Automatic,2,41013.05
BMW,2014,126056.0,267.0,3.1,Gasoline,Automatic,0,32340.76
Mercedes-Benz,2024,12386.0,232.0,2.9,Diesel,Automatic,0,58700.89
Honda,2014,121561.0,337.0,3.7,Diesel,Automatic,1,32036.69
Toyota,2021,69547.0,216.0,2.5,Diesel,Automatic,1,25363.21
BMW,2014,157852.0,352.0,3.8,Diesel,Automatic,0,41884.35
Mercedes-Benz,2010,93914.0,129.0,2.2,Gasoline,Manual,0,14940.56
Hyundai,2010,203289.0,344.0,3.5,Gasoline,Manual,1,25416.76
Ford,2017,140570.0,232.0,2.9,Diesel,Automatic,0,24247.8
Ford,2021,51215.0,329.0,3.4,Diesel,Automatic,0,42259.36
Mercedes-Benz,2017,93985.0,317.0,3.5,Diesel,Manual,1,37660.92
Ford,2021,45330.0,287.0,3.0,Diesel,Automatic,0,35741.66
Audi,2024,9992.0,154.0,2.0,Gasoline,Manual,0,39531.84
Mercedes-Benz,2024,16236.0,100.0,1.5,Hybrid,Automatic,0,45487.03
Ford,2015,130115.0,197.0,2.4,Diesel,Manual,3,10782.37
BMW,2021,68142.0,115.0,1.8,Gasoline,Automatic,3,19250.63
BMW,2020,92263.0,240.0,2.5,Diesel,Automatic,0,41480.92
Toyota,2022,52572.0,310.0,3.2,Hybrid,Manual,0,43287.42
Audi,2013,147657.0,326.0,3.2,Hybrid,Automatic,0,40119.38
Volkswagen,2011,202016.0,326.0,3.1,Gasoline,Automatic,0,33097.52
Mercedes-Benz,2023,20545.0,308.0,3.4,Diesel,Automatic,0,64897.88
Honda,2011,150367.0,240.0,3.0,Gasoline,Manual,1,16055.0
Audi,2018,112118.0,212.0,2.7,Gasoline,Automatic,0,29385.89
Ford,2024,13103.0,233.0,2.6,Diesel,Manual,0,31501.99
Toyota,2014,71086.0,278.0,3.0,Diesel,Automatic,0,30910.37
Audi,2013,122891.0,344.0,3.2,Diesel,Automatic,0,42488.7
Toyota,2019,84455.0,157.0,2.2,Gasoline,Automatic,0,18637.76
Honda,2022,55649.0,193.0,2.4,Gasoline,Automatic,0,27565.9
Audi,2010,182782.0,248.0,3.3,Diesel,Manual,1,18977.28
Audi,2016,136779.0,398.0,4.1,Gasoline,Manual,1,41917.72
Volkswagen,2012,165407.0,389.0,3.8,Gasoline,Automatic,0,40868.73
Volkswagen,2015,188711.0,179.0,2.3,Gasoline,Manual,0,13684.73
Ford,2014,204981.0,345.0,3.7,Gasoline,Manual,0,28087.08
Honda,2014,198455.0,309.0,3.0,Gasoline,Automatic,0,30786.21
Honda,2020,36258.0,98.0,1.9,Diesel,Manual,1,11213.66
BMW,2014,160074.0,101.0,1.5,Gasoline,Automatic,0,13050.49
BMW,2010,248096.0,414.0,3.8,Gasoline,Manual,1,35066.63
Mercedes-Benz,2010,224031.0,333.0,3.0,Diesel,Automatic,1,28167.34
Mercedes-Benz,2012,209504.0,271.0,3.1,Gasoline,Automatic,2,21144.78
Toyota,2023,29174.0,373.0,3.7,Diesel,Automatic,3,33000.9
Volkswagen,2021,50664.0,401.0,3.8,Gasoline,Manual,0,48573.57
Toyota,2019,48432.0,188.0,2.2,Gasoline,Automatic,3,15749.94
Volkswagen,2013,133004.0,286.0,3.3,Gasoline,Automatic,1,26122.28
Ford,2014,258875.0,315.0,3.2,Gasoline,Automatic,1,26877.55
Audi,2011,170923.0,192.0,2.2,Diesel,Automatic,0,19365.23
Ford,2017,63989.0,195.0,2.8,Hybrid,Automatic,2,19368.02
Toyota,2020,89969.0,147.0,1.9,Gasoline,Manual,0,16849.61
Toyota,2020,92293.0,167.0,2.4,Gasoline,Automatic,2,17427.25
Mercedes-Benz,2023,34203.0,164.0,1.9,Diesel,Automatic,0,44201.58
Volkswagen,2011,229027.0,,1.9,Diesel,Automatic,1,5121.68
Toyota,2018,120472.0,413.0,4.1,Hybrid,Manual,0,47078.27
Toyota,2011,294303.0,270.0,2.9,Gasoline,Automatic,0,18409.96
BMW,2022,31659.0,122.0,1.9,Electric,Automatic,0,42248.82
Toyota,2018,73383.0,160.0,2.0,Gasoline,Manual,0,16126.43
Mercedes-Benz,2016,92891.0,145.0,1.7,Gasoline,Manual,0,24334.53
BMW,2024,13829.0,194.0,2.7,Hybrid,Manual,0,50707.03
Toyota,2017,158410.0,289.0,3.0,Diesel,Automatic,1,24955.31
Toyota,2024,14688.0,190.0,2.4,Diesel,Manual,2,21733.87
Hyundai,2020,84375.0,345.0,3.6,Diesel,Automatic,1,33794.0
Ford,2011,110515.0,396.0,3.9,Diesel,Automatic,0,37748.02
Ford,2016,103098.0,163.0,2.0,Gasoline,Automatic,0,16020.52
Mercedes-Benz,2021,33574.0,260.0,3.1,Diesel,Automatic,0,49489.68
Audi,2015,178627.0,232.0,2.8,Gasoline,Manual,2,17568.44
Hyundai,2013,246348.0,255.0,2.9,Hybrid,Automatic,2,17017.78
BMW,2016,137235.0,350.0,3.5,Electric,Automatic,0,53528.64
Ford,2023,24457.0,310.0,3.6,Gasoline,Manual,0,40125.45
Toyota,2022,48738.0,172.0,2.1,Gasoline,Manual,2,16719.95
Mercedes-Benz,2013,156235.0,271.0,3.0,Gasoline,Automatic,2,24316.54
Volkswagen,2011,136063.0,396.0,3.7,Gasoline,Automatic,2,32454.42
Ford,2019,71286.0,99.0,1.3,Hybrid,Automatic,2,8862.68
Audi,2021,46517.0,93.0,1.3,Gasoline,Manual,0,23654.32
Toyota,2016,134102.0,381.0,3.5,Gasoline,Automatic,0,41761.04
Volkswagen,2017,101588.0,370.0,3.5,Hybrid,Manual,0,45482.6
Toyota,2011,133513.0,304.0,3.6,Hybrid,Automatic,0,31894.01
Ford,2014,198341.0,187.0,2.5,Diesel,Automatic,0,12791.85
Toyota,2010,202460.0,190.0,2.5,Diesel,Automatic,0,12756.77
Toyota,2016,101835.0,98.0,1.6,Diesel,Manual,0,8582.43
Toyota,2017,149500.0,150.0,2.1,Electric,Automatic,0,14970.73
BMW,2022,35013.0,398.0,4.3,Diesel,Manual,0,61796.83
BMW,2015,85206.0,235.0,2.4,Diesel,Automatic,0,32948.77
Volkswagen,2014,197231.0,152.0,2.2,Gasoline,Automatic,0,10894.38
Hyundai,2024,17045.0,210.0,2.8,Gasoline,Manual,1,23385.15
Ford,2015,118684.0,315.0,3.4,Diesel,Automatic,2,25416.08
Honda,2024,2598.0,194.0,2.7,Hybrid,Automatic,0,36779.63
Mercedes-Benz,2011,146120.0,349.0,3.5,Hybrid,Automatic,0,42600.22
Honda,2010,208649.0,344.0,3.6,Electric,Automatic,0,37683.75
Hyundai,2016,109323.0,296.0,3.1,Diesel,Automatic,1,25803.85
Toyota,2016,130263.0,117.0,1.9,Diesel,Automatic,0,9874.13
Hyundai,2019,90214.0,259.0,2.7,Hybrid,Manual,0,27913.18
Toyota,2020,,165.0,2.3,Diesel,Automatic,2,17687.45
Audi,2019,75278.0,205.0,2.5,Gasoline,Automatic,0,33127.13
Volkswagen,2023,9710.0,158.0,2.1,Diesel,Automatic,0,28362.03
Hyundai,2011,180327.0,323.0,3.7,Hybrid,Automatic,0,31654.39
Toyota,2011,189553.0,90.0,1.6,Gasoline,Automatic,0,4966.49
Volkswagen,2010,219485.0,256.0,3.1,Hybrid,Manual,0,21723.83
Hyundai,2019,86062.0,307.0,3.5,Gasoline,Manual,2,24380.73
Volkswagen,2017,136779.0,362.0,3.8,Diesel,Automatic,0,40863.05
Volkswagen,2024,9029.0,340.0,3.2,Diesel,Automatic,1,45602.24
BMW,2017,67784.0,263.0,3.0,Diesel,Automatic,0,39537.8
Ford,2010,235976.0,259.0,3.2,Gasoline,Automatic,0,20755.41
Volkswagen,2021,27047.0,335.0,3.0,Hybrid,Manual,0,48325.08
Volkswagen,2020,72296.0,179.0,2.2,Diesel,Automatic,0,27549.27
Audi,2017,79107.0,138.0,2.2,Gasoline,Automatic,0,22313.92
Toyota,2018,133151.0,383.0,3.7,Diesel,Automatic,0,41828.82
Honda,2023,34776.0,239.0,2.9,Gasoline,Automatic,2,24719.78
Audi,2013,159280.0,221.0,2.9,Gasoline,Automatic,0,23646.68
Audi,2010,271936.0,148.0,2.1,Gasoline,Automatic,0,8098.09
Ford,2010,155893.0,413.0,4.1,Hybrid,Automatic,0,45401.83
Volkswagen,2012,141888.0,288.0,3.1,Diesel,Automatic,0,29213.1
Honda,2024,1000.0,304.0,3.2,Diesel,Automatic,0,45918.84
Honda,2023,23649.0,138.0,2.4,Gasoline,Automatic,0,24491.37
Ford,2014,151255.0,321.0,3.3,Gasoline,Automatic,0,31672.9
Ford,2014,177689.0,336.0,3.3,Electric,Automatic,0,40820.5
Volkswagen,2018,120346.0,328.0,3.6,Diesel,Automatic,1,34422.98
Toyota,2019,49581.0,257.0,2.7,Hybrid,Automatic,0,36870.93
Hyundai,2023,23646.0,137.0,1.9,Gasoline,Manual,0,15107.43
Hyundai,2021,40835.0,140.0,1.9,Gasoline,Automatic,1,12678.96
BMW,2011,191992.0,388.0,3.7,Hybrid,Automatic,3,30358.69
Volkswagen,2011,309029.0,187.0,2.3,Diesel,Automatic,1,8381.16
Honda,2015,147261.0,305.0,3.3,Gasoline,Automatic,0,30331.94
Mercedes-Benz,2024,20423.0,266.0,2.8,Gasoline,Manual,1,50971.85
BMW,2018,149215.0,169.0,2.4,Hybrid,Manual,0,24746.1
Toyota,2010,266443.0,274.0,3.1,Diesel,Manual,0,19334.78
Audi,2018,77099.0,116.0,1.7,Diesel,Automatic,2,16838.17
Mercedes-Benz,2018,63692.0,284.0,3.2,Gasoline,Automatic,0,48441.41
Audi,2022,45070.0,303.0,3.4,Gasoline,Automatic,3,32391.14
BMW,2018,80216.0,203.0,2.1,Electric,Automatic,1,36264.53
Volkswagen,2014,95251.0,331.0,3.4,Gasoline,Automatic,1,30834.94
Ford,2022,41242.0,213.0,2.4,Diesel,Manual,1,23337.54
Audi,2024,5270.0,394.0,4.1,Hybrid,Manual,0,71781.74
Mercedes-Benz,2018,137966.0,165.0,2.1,Gasoline,Automatic,0,25788.31
Toyota,2020,67035.0,400.0,3.6,Gasoline,Automatic,2,38948.76
Toyota,2013,167914.0,401.0,3.9,Diesel,Automatic,1,34356.76
Ford,2011,164652.0,285.0,2.9,Diesel,Automatic,2,19740.66
Mercedes-Benz,2022,45238.0,133.0,2.1,Diesel,Automatic,2,29799.67
Hyundai,2015,138681.0,275.0,2.8,Gasoline,Manual,3,16023.18
Toyota,2023,23363.0,335.0,3.4,Diesel,Automatic,1,42846.78
Volkswagen,2013,166574.0,173.0,2.5,Diesel,Automatic,0,16617.85
Ford,2015,152820.0,296.0,3.3,Diesel,Automatic,0,28836.73
Hyundai,2012,189583.0,240.0,2.8,Gasoline,Manual,1,13723.94
Mercedes-Benz,2015,169878.0,245.0,2.7,Diesel,Automatic,0,30805.79
Mercedes-Benz,2011,133536.0,105.0,1.8,Electric,Automatic,0,13980.2
Ford,2011,150380.0,254.0,3.0,Diesel,Manual,0,18097.23
Ford,2022,56557.0,234.0,2.5,Diesel,Automatic,2,21933.69
Honda,2018,75933.0,126.0,2.1,Diesel,Manual,2,8618.06
Toyota,2016,136201.0,134.0,1.7,Hybrid,Automatic,1,10786.04
Mercedes-Benz,2012,66213.0,295.0,3.2,Hybrid,Automatic,0,42032.78
Mercedes-Benz,2022,73134.0,151.0,1.9,Gasoline,Automatic,1,32337.17
Hyundai,2020,63652.0,397.0,4.2,Gasoline,Automatic,1,38636.17
Hyundai,2010,271120.0,108.0,1.9,Gasoline,Manual,0,3500.0
Volkswagen,2017,105617.0,389.0,3.5,Gasoline,Manual,0,42327.51
Mercedes-Benz,2023,28557.0,96.0,1.7,Gasoline,Manual,0,34506.6
Audi,2015,185076.0,338.0,3.3,Hybrid,Manual,0,39400.77
Mercedes-Benz,2016,166529.0,206.0,2.3,Gasoline,Automatic,1,26134.63
Honda,2018,87261.0,157.0,2.2,Diesel,Manual,0,16539.53
Ford,2014,151375.0,123.0,1.7,Diesel,Automatic,3,4724.61
Toyota,2024,22377.0,283.0,3.2,Gasoline,Automatic,0,43280.13
Audi,2010,320000.0,414.0,4.1,Hybrid,Automatic,0,43457.69
Volkswagen,2021,64604.0,144.0,2.1,Hybrid,Automatic,0,25056.85
Honda,2019,127507.0,355.0,3.5,Diesel,Automatic,0,40441.07
BMW,2016,114916.0,131.0,2.1,Gasoline,Automatic,0,17792.36
Volkswagen,2024,24339.0,386.0,3.9,Gasoline,Manual,0,52668.29
Ford,2014,190686.0,320.0,3.4,Diesel,Automatic,0,30459.7
Toyota,2012,161463.0,99.0,1.4,Gasoline,Automatic,0,6506.83
BMW,2021,44509.0,217.0,2.4,Diesel,Automatic,1,36931.4
Volkswagen,2022,57053.0,,2.9,Hybrid,Automatic,0,40425.32
Mercedes-Benz,2018,90554.0,282.0,2.7,Gasoline,Automatic,0,43952.23
Volkswagen,2010,168311.0,181.0,2.3,Hybrid,Automatic,1,14719.13
Mercedes-Benz,2010,175211.0,320.0,3.6,Gasoline,Automatic,0,34481.91
Volkswagen,2010,180479.0,167.0,2.4,Hybrid,Automatic,2,13034.82
Volkswagen,2012,211846.0,174.0,2.4,Gasoline,Automatic,2,12490.66
Mercedes-Benz,2021,56640.0,119.0,2.0,Diesel,Automatic,0,32550.72
Ford,2015,173881.0,302.0,3.6,Gasoline,Manual,2,20795.11
Toyota,2019,83669.0,138.0,2.2,Hybrid,Automatic,1,18117.85
Toyota,2020,55685.0,354.0,3.7,Diesel,Automatic,2,34011.18
BMW,2012,219441.0,234.0,2.4,Gasoline,Manual,1,18204.64
Volkswagen,2017,146157.0,158.0,2.4,Diesel,Automatic,0,17286.65
BMW,2023,36732.0,147.0,2.1,Gasoline,Automatic,2,30795.25
Honda,2023,33862.0,274.0,2.9,Diesel,Automatic,0,38373.94
Toyota,2019,75240.0,151.0,2.0,Hybrid,Manual,0,19591.95
Toyota,2011,207856.0,397.0,3.7,Gasoline,Automatic,0,38563.66
Ford,2023,25576.0,385.0,4.0,Gasoline,Automatic,0,50697.64
Volkswagen,2018,93790.0,255.0,2.8,Gasoline,Automatic,0,29739.58
Ford,2012,110300.0,260.0,2.8,Diesel,Automatic,1,21561.9
Ford,2014,89166.0,152.0,1.9,Gasoline,Automatic,2,9653.47
Audi,2019,77722.0,236.0,2.7,Gasoline,Manual,0,34386.16
Ford,2017,101117.0,395.0,3.7,Gasoline,Automatic,3,28901.68
Volkswagen,2011,205741.0,250.0,2.7,Gasoline,Manual,2,15629.28
Mercedes-Benz,2015,143725.0,230.0,2.4,Electric,Automatic,0,36094.99
Ford,2021,64539.0,186.0,2.5,Gasoline,Automatic,0,22884.09
Volkswagen,2014,182018.0,310.0,3.2,Diesel,Automatic,1,28748.13
Mercedes-Benz,2022,28533.0,132.0,1.7,Diesel,Manual,1,30661.56
Audi,2019,88530.0,381.0,3.7,Diesel,Automatic,1,44993.11
Toyota,2018,138238.0,197.0,2.5,Gasoline,Manual,1,15838.48
Audi,2021,52214.0,355.0,3.5,Diesel,Automatic,0,57131.39
Volkswagen,2014,150745.0,184.0,2.4,Hybrid,Automatic,0,19349.1
Honda,2011,194857.0,351.0,3.5,Gasoline,Automatic,0,34932.72
Ford,2014,150881.0,402.0,3.6,Gasoline,Automatic,0,39639.99
Hyundai,2024,4935.0,160.0,2.3,Gasoline,Manual,1,21336.63
Volkswagen,2021,37986.0,308.0,2.9,Gasoline,Automatic,1,37429.47
Honda,2013,139486.0,110.0,1.9,Gasoline,Automatic,0,4898.46
Volkswagen,2024,22420.0,181.0,2.4,Diesel,Automatic,3,23889.53
Honda,2020,60604.0,216.0,2.5,Gasoline,Automatic,0,26038.39
Toyota,2016,119689.0,169.0,2.3,Diesel,Automatic,1,14361.34
Toyota,2015,,401.0,3.8,Diesel,Automatic,1,37290.26
Toyota,2023,25006.0,327.0,3.4,Diesel,Automatic,3,30601.84
Toyota,2011,229702.0,271.0,3.1,Diesel,Automatic,1,19518.63
Toyota,2021,32845.0,114.0,1.7,Gasoline,Automatic,0,19833.26
BMW,2020,67568.0,245.0,2.9,Electric,Automatic,3,33153.53
Honda,2020,70453.0,94.0,2.0,Diesel,Manual,1,10376.75
Ford,2022,40634.0,209.0,2.5,Diesel,Automatic,0,29947.58
Audi,2014,90742.0,366.0,3.5,Hybrid,Manual,1,40478.54
Ford,2016,162535.0,107.0,2.2,Gasoline,Manual,2,4532.83
BMW,2020,62260.0,287.0,3.1,Gasoline,Automatic,0,50476.72
Toyota,2016,125522.0,146.0,2.1,Diesel,Automatic,0,14289.8
Honda,2024,11299.0,182.0,2.4,Diesel,Manual,2,20663.36
Toyota,2014,188292.0,108.0,1.9,Hybrid,Automatic,1,5035.42
Toyota,2021,87720.0,282.0,2.9,Electric,Automatic,0,42509.59
Honda,2024,9869.0,326.0,3.4,Gasoline,Automatic,0,45351.31
Toyota,2018,90213.0,366.0,3.8,Gasoline,Automatic,0,42161.18
Toyota,2013,185698.0,316.0,3.2,Gasoline,Automatic,1,26767.27
Toyota,2020,46791.0,322.0,3.2,Gasoline,Automatic,1,36299.45
Ford,2012,217592.0,129.0,1.9,Diesel,Manual,0,4361.77
Honda,2024,17933.0,412.0,3.7,Diesel,Manual,0,53175.16
Ford,2013,187508.0,242.0,2.6,Diesel,Manual,0,20718.46
Volkswagen,2014,166250.0,216.0,2.4,Gasoline,Automatic,1,19119.4
BMW,2022,55184.0,326.0,3.3,Gasoline,Automatic,0,57334.26
Toyota,2015,94215.0,144.0,2.2,Gasoline,Automatic,0,13912.67
Mercedes-Benz,2012,183572.0,261.0,3.2,Hybrid,Automatic,0,31828.13
Volkswagen,2011,154810.0,198.0,2.4,Gasoline,Automatic,1,15213.66
Toyota,2023,39413.0,273.0,3.0,Hybrid,Manual,0,40668.75
Mercedes-Benz,2022,32258.0,287.0,3.1,Diesel,Automatic,0,57351.69
Audi,2013,168045.0,176.0,1.8,Diesel,Automatic,2,14616.85
Toyota,2014,167463.0,290.0,2.8,Gasoline,Manual,0,24925.27
Honda,2013,128968.0,411.0,4.1,Diesel,Manual,0,39486.37
Mercedes-Benz,2023,29528.0,364.0,3.8,Diesel,Automatic,2,52572.9
BMW,2020,76073.0,300.0,3.3,Diesel,Automatic,0,47458.38
Honda,2022,51450.0,207.0,2.4,Gasoline,Automatic,0,28416.4
Honda,2024,11648.0,280.0,2.6,Diesel,Automatic,0,42406.61
Ford,2021,47245.0,131.0,1.7,Diesel,Automatic,1,15376.54
Volkswagen,2012,227526.0,131.0,1.8,Gasoline,Manual,0,7203.84
Volkswagen,2017,110420.0,404.0,4.0,Gasoline,Automatic,1,40185.28
Ford,2019,76346.0,365.0,3.5,Electric,Automatic,0,51268.68
Ford,2013,204430.0,418.0,4.3,Gasoline,Automatic,0,41133.65
BMW,2023,18355.0,106.0,2.1,Gasoline,Automatic,1,32331.7
Toyota,2011,236494.0,372.0,4.0,Gasoline,Automatic,3,22016.41
Honda,2011,167021.0,347.0,3.3,Diesel,Automatic,0,33811.36
BMW,2010,197820.0,152.0,2.2,Gasoline,Automatic,1,13788.43
Audi,2022,53358.0,151.0,2.0,Diesel,Automatic,0,32992.87
Volkswagen,2013,166173.0,189.0,2.4,Gasoline,Automatic,0,15974.8
Volkswagen,2019,96592.0,108.0,1.6,Gasoline,Manual,0,12040.45
Toyota,2018,94506.0,106.0,2.0,Diesel,Automatic,1,10373.48
Ford,2023,43255.0,414.0,3.8,Gasoline,Automatic,0,53699.85
Volkswagen,2020,90966.0,335.0,3.0,Electric,Automatic,0,50036.96
Honda,2016,80376.0,340.0,3.8,Gasoline,Manual,0,35744.29
Honda,2024,15952.0,170.0,2.3,Gasoline,Automatic,0,29778.38
Ford,2021,43068.0,128.0,1.7,Gasoline,Automatic,2,13286.06
Toyota,2019,91064.0,125.0,1.9,Gasoline,Automatic,3,12056.69
Honda,2016,141984.0,286.0,2.9,Electric,Automatic,1,31570.46
Honda,2022,31414.0,247.0,2.8,Hybrid,Automatic,0,37112.15
Honda,2024,13496.0,293.0,3.3,Gasoline,Automatic,0,42258.5
Toyota,2016,139495.0,285.0,3.2,Diesel,Automatic,1,25548.54
Audi,2024,5060.0,305.0,3.2,Diesel,Automatic,3,38584.99
Volkswagen,2017,92788.0,,3.7,Gasoline,Manual,0,39746.79
BMW,2010,214363.0,285.0,3.3,Gasoline,Manual,2,19345.44
Mercedes-Benz,2019,91152.0,396.0,3.4,Hybrid,Automatic,3,41587.37
Volkswagen,2022,37592.0,241.0,2.6,Electric,Automatic,2,32201.11
Toyota,2019,24360.0,103.0,1.5,Electric,Automatic,0,15562.95
Volkswagen,2017,113847.0,414.0,4.2,Diesel,Manual,0,45623.6
Volkswagen,2013,112803.0,235.0,2.5,Diesel,Automatic,0,24692.29
BMW,2013,159659.0,146.0,1.8,Gasoline,Automatic,0,14962.54
Ford,2013,106199.0,300.0,3.3,Gasoline,Manual,0,27573.18
Toyota,2015,95496.0,357.0,3.4,Gasoline,Automatic,0,37919.78
Honda,2016,160818.0,299.0,3.1,Diesel,Automatic,1,26148.91
Ford,2015,120634.0,106.0,2.2,Diesel,Automatic,0,7998.83
BMW,2010,195205.0,375.0,3.8,Hybrid,Automatic,0,44951.77
Volkswagen,2021,68465.0,292.0,3.0,Hybrid,Automatic,1,39176.75
Ford,2017,97662.0,188.0,2.3,Hybrid,Manual,1,17447.6
Hyundai,2022,62094.0,368.0,3.8,Electric,Automatic,1,46442.17
Volkswagen,2019,73682.0,298.0,3.3,Gasoline,Manual,0,34134.65
Honda,2024,16911.0,218.0,2.6,Diesel,Automatic,1,30349.85
Toyota,2020,95652.0,377.0,3.7,Diesel,Manual,0,39380.12
Toyota,2022,62338.0,341.0,3.1,Gasoline,Automatic,0,45282.04
Honda,2016,107805.0,354.0,3.2,Electric,Automatic,1,40964.78
Toyota,2015,129470.0,360.0,3.5,Hybrid,Manual,0,39608.12
Honda,2015,184610.0,277.0,2.9,Gasoline,Automatic,0,25883.01
Honda,2014,190604.0,303.0,3.3,Gasoline,Manual,0,27911.14
Toyota,2015,181356.0,372.0,3.7,Diesel,Automatic,0,38263.67
Audi,2021,44035.0,300.0,3.0,Diesel,Automatic,0,50851.13
Toyota,2018,133628.0,165.0,2.2,Hybrid,Manual,1,16169.34
Volkswagen,2019,59320.0,237.0,2.6,Gasoline,Manual,0,30450.17
Ford,2018,107937.0,410.0,4.3,Gasoline,Automatic,3,29790.1
Hyundai,2024,15230.0,302.0,3.2,Gasoline,Manual,0,37048.28
Toyota,2019,64072.0,198.0,2.1,Gasoline,Automatic,0,24852.05
Ford,2017,71248.0,218.0,2.9,Gasoline,Automatic,0,22928.22
Hyundai,2019,60153.0,99.0,1.6,Hybrid,Automatic,0,10387.44
Mercedes-Benz,2018,97705.0,136.0,1.8,Gasoline,Automatic,1,24718.64
Mercedes-Benz,2022,21718.0,404.0,4.3,Gasoline,Automatic,0,71059.91
Honda,2019,,185.0,2.4,Gasoline,Automatic,0,22609.62
Toyota,2017,111797.0,192.0,2.5,Gasoline,Manual,1,16831.6
BMW,2017,49505.0,235.0,2.8,Hybrid,Manual,0,39182.07
Audi,2010,254183.0,116.0,1.8,Diesel,Manual,2,4820.36
Volkswagen,2019,27040.0,309.0,3.1,Diesel,Manual,1,34511.1
Volkswagen,2020,78500.0,107.0,1.7,Gasoline,Manual,0,17043.83
Honda,2014,154481.0,256.0,3.2,Gasoline,Automatic,0,23717.09
Mercedes-Benz,2013,186410.0,171.0,2.3,Diesel,Automatic,0,19840.25
Honda,2011,188561.0,161.0,2.4,Gasoline,Automatic,2,8693.37
Honda,2017,172683.0,399.0,3.8,Hybrid,Manual,0,43454.26
Ford,2012,193037.0,343.0,3.3,Gasoline,Automatic,0,33047.78
Volkswagen,2013,213977.0,251.0,2.5,Diesel,Automatic,0,22253.63
Honda,2021,52304.0,416.0,4.1,Gasoline,Automatic,0,53215.16
Toyota,2016,125793.0,127.0,2.2,Diesel,Automatic,0,10102.31
Volkswagen,2019,123330.0,290.0,2.9,Hybrid,Automatic,1,32776.61
Honda,2018,89581.0,289.0,3.2,Diesel,Automatic,0,34505.45
Volkswagen,2011,216240.0,344.0,3.2,Diesel,Automatic,2,26069.36
Toyota,2012,229623.0,268.0,2.8,Electric,Manual,2,19627.62
Volkswagen,2013,132225.0,124.0,1.9,Diesel,Automatic,0,9370.95
Volkswagen,2019,28480.0,171.0,1.9,Gasoline,Automatic,0,25542.59
Toyota,2010,227462.0,309.0,3.2,Gasoline,Manual,0,26937.1
Ford,2016,155272.0,247.0,2.6,Diesel,Automatic,1,20411.39
Toyota,2011,129001.0,93.0,1.8,Diesel,Automatic,0,3500.0
Toyota,2014,183634.0,256.0,2.8,Gasoline,Automatic,3,15882.99
Hyundai,2024,21421.0,293.0,3.3,Gasoline,Manual,1,31979.5
Honda,2010,96760.0,283.0,3.0,Electric,Automatic,0,32610.99
Mercedes-Benz,2012,133525.0,324.0,3.0,Gasoline,Automatic,1,36125.2
Honda,2021,57588.0,295.0,2.8,Gasoline,Automatic,0,40101.19
BMW,2011,184303.0,239.0,2.3,Gasoline,Manual,1,19936.84
Mercedes-Benz,2010,159704.0,248.0,2.9,Hybrid,Automatic,0,29974.13
Volkswagen,2016,95002.0,368.0,4.1,Gasoline,Automatic,0,41682.15
Ford,2014,219442.0,393.0,3.9,Diesel,Automatic,0,37161.09
Ford,2010,199459.0,255.0,3.2,Gasoline,Manual,2,13641.15
Ford,2015,115233.0,400.0,4.1,Diesel,Automatic,0,43351.95
Audi,2014,154106.0,157.0,2.0,Hybrid,Automatic,3,12751.55
Mercedes-Benz,2024,14973.0,177.0,2.5,Gasoline,Manual,0,48102.92
Hyundai,2012,181877.0,306.0,3.1,Diesel,Automatic,0,30110.27
Toyota,2021,46866.0,90.0,1.6,Gasoline,Automatic,0,15686.07
BMW,2016,105634.0,224.0,2.6,Gasoline,Automatic,0,30748.01
Audi,2020,48088.0,274.0,2.9,Hybrid,Automatic,0,50499.04
Honda,2019,68016.0,229.0,2.8,Gasoline,Manual,0,24815.51
Toyota,2018,101662.0,195.0,2.3,Diesel,Automatic,1,21607.73
BMW,2023,19844.0,222.0,2.8,Gasoline,Automatic,0,47825.84
Volkswagen,2022,45063.0,197.0,2.6,Gasoline,Automatic,0,30082.85
Mercedes-Benz,2022,61636.0,267.0,3.0,Gasoline,Automatic,0,52722.58
Toyota,2018,113897.0,387.0,4.2,Diesel,Manual,1,37683.69
Mercedes-Benz,2023,19824.0,235.0,2.9,Diesel,Automatic,0,53645.06
Honda,2018,76160.0,163.0,2.4,Diesel,Automatic,0,17740.18
Toyota,2011,269431.0,197.0,2.4,Gasoline,Automatic,0,13686.64
Toyota,2012,129627.0,211.0,2.6,Gasoline,Automatic,1,19070.56
Mercedes-Benz,2016,155284.0,106.0,1.9,Diesel,Automatic,2,10366.47
BMW,2014,190806.0,285.0,3.0,Hybrid,Manual,0,32605.74
Volkswagen,2011,181687.0,416.0,3.9,Gasoline,Manual,0,39352.37
Ford,2012,161051.0,407.0,3.4,Diesel,Manual,2,27649.81
Mercedes-Benz,2019,52902.0,386.0,3.9,Gasoline,Automatic,3,37848.71
Ford,2015,147385.0,341.0,3.6,Diesel,Manual,1,27909.33
Mercedes-Benz,2022,46701.0,208.0,2.3,Hybrid,Manual,3,30528.1
Ford,2016,86105.0,251.0,2.9,Hybrid,Automatic,1,25192.23
Ford,2018,92389.0,287.0,2.9,Diesel,Manual,1,27685.4
Ford,2010,207786.0,134.0,1.9,Gasoline,Automatic,0,7198.2
Honda,2020,83612.0,403.0,4.1,Hybrid,Automatic,0,54215.24
BMW,2016,126524.0,268.0,2.7,Diesel,Manual,0,34332.82
Volkswagen,2017,63058.0,133.0,1.8,Gasoline,Automatic,2,12983.96
Honda,2021,53560.0,360.0,3.9,Diesel,Manual,2,31922.23
Audi,2023,30847.0,167.0,2.2,Electric,Automatic,1,40337.93
Ford,2012,211059.0,415.0,4.2,Hybrid,Automatic,0,43156.54
Volkswagen,2013,146658.0,267.0,2.6,Gasoline,Manual,0,26919.08
Audi,2019,130865.0,92.0,1.4,Diesel,Manual,0,16282.99
Volkswagen,2015,80647.0,303.0,3.0,Hybrid,Automatic,0,34587.09
Toyota,2019,72782.0,163.0,2.1,Gasoline,Manual,1,18248.28
Audi,2016,119426.0,140.0,1.7,Diesel,Manual,2,11732.16
Volkswagen,2022,38871.0,156.0,2.2,Diesel,Automatic,0,26822.87
Ford,2023,23395.0,182.0,2.4,Gasoline,Automatic,0,24499.64
Toyota,2013,182957.0,265.0,2.7,Gasoline,Automatic,1,21108.59
Mercedes-Benz,2017,120189.0,234.0,2.5,Diesel,Automatic,0,36328.9
Volkswagen,2014,154738.0,96.0,1.5,Hybrid,Automatic,2,7117.07
Volkswagen,2010,221675.0,358.0,3.3,Diesel,Manual,0,31715.48
Audi,2013,146420.0,411.0,3.4,Diesel,Automatic,0,48207.41
Mercedes-Benz,2012,109273.0,93.0,1.6,Gasoline,Automatic,0,10903.19
Toyota,2018,86455.0,227.0,2.5,Gasoline,Automatic,0,27196.62
Honda,2017,117983.0,320.0,3.2,Diesel,Automatic,0,36150.88
Honda,2010,218315.0,177.0,2.1,Gasoline,Manual,0,14014.48
BMW,2020,66568.0,106.0,1.9,Hybrid,Manual,0,26000.92
Toyota,2015,164681.0,141.0,2.5,Gasoline,Automatic,0,11451.34
Volkswagen,2018,85929.0,223.0,2.4,Gasoline,Automatic,0,27297.91
Mercedes-Benz,2016,123307.0,300.0,3.4,Gasoline,Automatic,0,41878.58
Mercedes-Benz,2013,196521.0,414.0,4.0,Hybrid,Manual,0,49412.21
Ford,2022,43907.0,308.0,3.2,Gasoline,Automatic,1,36453.19
Mercedes-Benz,2010,140658.0,294.0,3.0,Gasoline,Automatic,2,26472.88
Toyota,2021,42032.0,300.0,3.1,Gasoline,Automatic,0,38480.52
Mercedes-Benz,2011,234248.0,366.0,3.8,Hybrid,Automatic,0,39328.68
Toyota,2021,88662.0,113.0,1.6,Gasoline,Automatic,0,15267.76
Ford,2014,201907.0,93.0,1.6,Gasoline,Manual,0,3500.0
Mercedes-Benz,2021,60184.0,241.0,3.0,Gasoline,Automatic,1,40479.91
Toyota,2020,51308.0,348.0,3.7,Diesel,Automatic,2,33169.83
Honda,2014,160651.0,413.0,3.7,Gasoline,Manual,1,34602.18
BMW,2017,155326.0,257.0,2.8,Gasoline,Manual,0,32113.97
BMW,2015,158698.0,265.0,3.0,Gasoline,Automatic,0,31314.53
BMW,2017,110412.0,399.0,4.0,Diesel,Automatic,2,40563.5
BMW,2011,225928.0,380.0,3.9,Diesel,Automatic,0,39895.39
Volkswagen,2012,118893.0,145.0,2.1,Diesel,Manual,0,11949.41
Honda,2015,109328.0,197.0,2.5,Hybrid,Automatic,3,15045.94
Ford,2021,48468.0,385.0,3.8,Electric,Automatic,1,51686.54
Honda,2022,47589.0,413.0,4.3,Gasoline,Automatic,1,46519.9
Audi,2019,96048.0,391.0,3.7,Diesel,Automatic,0,51650.51
Volkswagen,2012,173829.0,230.0,2.7,Diesel,Automatic,0,20464.99
Ford,2015,113485.0,244.0,2.5,Hybrid,Automatic,0,24501.26
Ford,2015,137842.0,351.0,3.3,Gasoline,Automatic,1,35002.97
Audi,2011,164910.0,362.0,3.7,Diesel,Automatic,0,38167.86
Toyota,2016,102550.0,321.0,3.1,Gasoline,Automatic,2,27651.12
Volkswagen,2021,66788.0,330.0,3.3,Hybrid,Automatic,1,43804.7
Volkswagen,2011,164566.0,347.0,3.8,Gasoline,Automatic,0,34821.48
Volkswagen,2015,82381.0,338.0,3.7,Gasoline,Automatic,0,40826.49
Toyota,2010,145780.0,166.0,2.6,Gasoline,Automatic,0,12106.79
Mercedes-Benz,2012,110116.0,269.0,3.2,Gasoline,Automatic,1,28451.01
Audi,2011,214334.0,155.0,2.6,Diesel,Automatic,1,10208.28
Volkswagen,2016,133606.0,397.0,3.9,Gasoline,Automatic,1,39910.03
BMW,2023,21096.0,260.0,2.7,Gasoline,Automatic,0,54367.4
Audi,2013,201418.0,111.0,1.6,Hybrid,Automatic,0,9191.71
BMW,2017,145634.0,196.0,2.7,Gasoline,Manual,1,22748.54
Toyota,2015,122155.0,412.0,4.0,Diesel,Automatic,0,45809.7
Volkswagen,2021,54970.0,316.0,3.3,Gasoline,Manual,1,35380.64
Volkswagen,2019,53355.0,305.0,3.1,Gasoline,Manual,1,33167.02
Ford,2013,231420.0,158.0,2.0,Hybrid,Automatic,0,10891.08
BMW,2014,115751.0,173.0,2.3,Diesel,Manual,0,20378.77
Audi,2022,41546.0,192.0,2.2,Gasoline,Automatic,0,40178.7
Audi,2022,38495.0,128.0,2.0,Electric,Manual,0,33709.96
Ford,2024,1000.0,102.0,2.0,Hybrid,Manual,1,16640.14
Toyota,2024,14775.0,386.0,3.3,Electric,Automatic,1,59611.17
Hyundai,2018,100278.0,402.0,3.6,Gasoline,Automatic,2,32328.58
Mercedes-Benz,2016,121208.0,270.0,3.1,Gasoline,Automatic,1,35089.08
Toyota,2019,45573.0,357.0,3.8,Diesel,Automatic,0,45612.72
Audi,2023,40833.0,102.0,1.6,Diesel,Manual,0,27851.24
Mercedes-Benz,2023,29259.0,209.0,2.1,Gasoline,Automatic,1,45000.48
Volkswagen,2018,159798.0,146.0,2.3,Diesel,Automatic,0,18053.71
Volkswagen,2016,97948.0,129.0,1.8,Gasoline,Automatic,1,13030.15
Ford,2021,68731.0,217.0,2.5,Diesel,Automatic,1,24498.2
Toyota,2010,252343.0,262.0,2.9,Gasoline,Automatic,0,20629.22
Ford,2021,39439.0,124.0,1.8,Diesel,Automatic,0,19403.23
Mercedes-Benz,2017,139627.0,348.0,3.3,Gasoline,Automatic,0,48596.42
Toyota,2013,149279.0,94.0,1.5,Hybrid,Automatic,2,3629.76
Ford,2012,164591.0,307.0,3.6,Diesel,Automatic,0,30945.35
Ford,2023,8946.0,100.0,1.9,Diesel,Manual,2,12915.58
Volkswagen,2022,42656.0,416.0,4.1,Electric,Automatic,0,66114.96
Audi,2016,84294.0,206.0,2.0,Diesel,Automatic,3,17712.25
Ford,2021,48923.0,273.0,3.1,Electric,Automatic,0,41768.97
Ford,2012,131634.0,205.0,2.6,Gasoline,Automatic,0,16318.54
BMW,2017,106813.0,251.0,2.5,Gasoline,Manual,2,24100.51
Ford,2015,156421.0,156.0,2.2,Gasoline,Automatic,2,8873.8
Honda,2014,157164.0,289.0,3.3,Gasoline,Automatic,0,27981.16
Ford,2013,198149.0,120.0,2.0,Hybrid,Manual,1,4655.63
Toyota,2017,157956.0,164.0,2.0,Gasoline,Automatic,2,11345.29
Toyota,2017,104656.0,326.0,3.3,Diesel,Automatic,0,37891.96
Volkswagen,2021,46860.0,416.0,4.1,Diesel,Automatic,0,55615.15
Ford,2010,264386.0,155.0,2.1,Diesel,Automatic,2,5350.76
Audi,2018,115220.0,159.0,2.4,Diesel,Automatic,0,23490.71
Ford,2023,33782.0,386.0,3.8,Diesel,Manual,0,46969.88
Volkswagen,2014,,109.0,1.9,Gasoline,Automatic,1,7995.95
Volkswagen,2013,186407.0,315.0,3.4,Gasoline,Automatic,0,30911.73
Toyota,2015,142163.0,288.0,2.8,Diesel,Manual,0,28464.35
BMW,2015,171777.0,128.0,1.9,Diesel,Automatic,3,10214.76
Toyota,2011,163983.0,234.0,2.6,Gasoline,Automatic,0,20722.68
Hyundai,2017,65845.0,134.0,2.2,Hybrid,Automatic,1,12872.76
Toyota,2016,142175.0,415.0,4.1,Gasoline,Automatic,2,36706.94
Ford,2010,84536.0,180.0,2.2,Gasoline,Automatic,0,12929.33
Toyota,2014,112632.0,327.0,3.1,Gasoline,Automatic,0,32599.18
Hyundai,2021,40058.0,159.0,1.8,Diesel,Automatic,0,17868.85
Volkswagen,2015,104504.0,255.0,2.9,Diesel,Manual,0,26611.64
Volkswagen,2013,139078.0,219.0,2.4,Gasoline,Automatic,1,18928.59
Toyota,2011,251072.0,303.0,3.3,Gasoline,Automatic,1,24624.34
BMW,2022,56287.0,178.0,1.9,Diesel,Automatic,0,39074.8
Honda,2023,19269.0,341.0,3.8,Gasoline,Automatic,0,45692.39
Audi,2013,212782.0,161.0,2.3,Gasoline,Automatic,0,13147.95
Honda,2010,157333.0,254.0,2.8,Diesel,Automatic,0,22955.45
Honda,2016,93455.0,138.0,2.3,Gasoline,Manual,0,13847.88
Toyota,2011,231296.0,141.0,2.2,Hybrid,Automatic,0,6266.35
Ford,2022,61311.0,378.0,3.6,Gasoline,Manual,1,40426.85
Volkswagen,2011,168960.0,367.0,3.6,Diesel,Automatic,0,37231.69
Toyota,2018,63620.0,203.0,2.1,Diesel,Automatic,0,24484.17
Mercedes-Benz,2014,212713.0,328.0,3.6,Hybrid,Automatic,1,35302.83
Ford,2011,109974.0,222.0,2.5,Gasoline,Manual,0,19820.75
Volkswagen,2020,57047.0,363.0,3.2,Diesel,Automatic,0,48342.78
Ford,2018,106578.0,255.0,2.6,Diesel,Manual,0,26091.06
Ford,2018,134517.0,382.0,3.9,Diesel,Manual,0,37727.8
Volkswagen,2010,221602.0,332.0,3.7,Diesel,Automatic,0,32705.14
Toyota,2020,75418.0,409.0,3.9,Diesel,Automatic,2,38471.1
Honda,2012,161483.0,227.0,2.4,Hybrid,Manual,0,20576.65
Mercedes-Benz,2013,189106.0,168.0,1.9,Gasoline,Manual,3,11120.98
Audi,2023,36733.0,259.0,3.1,Gasoline,Automatic,0,48689.91
Ford,2016,81968.0,212.0,2.6,Hybrid,Automatic,0,24314.53
Honda,2019,102066.0,265.0,2.8,Gasoline,Manual,0,29350.12
BMW,2013,210455.0,389.0,3.7,Electric,Automatic,0,50240.67
Ford,2011,236775.0,171.0,2.4,Diesel,Automatic,0,10871.42
Toyota,2016,127848.0,176.0,2.4,Diesel,Automatic,0,17491.37
Toyota,2015,104703.0,314.0,3.1,Gasoline,Automatic,0,34961.01
BMW,2012,75681.0,105.0,1.5,Gasoline,Manual,0,12998.48
BMW,2015,140147.0,399.0,3.6,Diesel,Automatic,0,49722.24
Toyota,2020,77884.0,252.0,2.7,Hybrid,Automatic,0,35519.39
Honda,2024,23005.0,187.0,2.2,Electric,Automatic,0,36202.02
Honda,2015,169349.0,245.0,3.1,Gasoline,Automatic,1,19504.01
BMW,2021,54992.0,91.0,1.5,Gasoline,Automatic,2,19919.14
Toyota,2014,197860.0,258.0,2.6,Gasoline,Manual,0,22523.52
Toyota,2013,202673.0,404.0,3.6,Hybrid,Manual,0,41010.17
Mercedes-Benz,2019,70119.0,414.0,3.9,Gasoline,Manual,0,57761.8
Toyota,2021,64054.0,181.0,1.9,Gasoline,Automatic,2,19802.39
BMW,2024,18965.0,270.0,2.9,Gasoline,Automatic,0,59757.4
Honda,2010,232508.0,320.0,3.0,Gasoline,Automatic,1,26497.12
Toyota,2019,43583.0,390.0,4.0,Electric,Manual,0,52349.75
Honda,2015,94616.0,237.0,2.7,Diesel,Automatic,0,25693.23
BMW,2011,253566.0,369.0,4.1,Gasoline,Automatic,0,40053.38
Mercedes-Benz,2022,43182.0,278.0,2.9,Gasoline,Automatic,0,55074.03
Mercedes-Benz,2012,204928.0,403.0,3.3,Gasoline,Automatic,2,34104.3
Ford,2023,29934.0,217.0,2.8,Gasoline,Manual,0,28364.95
BMW,2017,57894.0,96.0,1.8,Gasoline,Automatic,0,19370.29
Honda,2019,75637.0,136.0,2.1,Diesel,Automatic,0,17511.09
Honda,2023,24195.0,142.0,1.8,Gasoline,Manual,1,19595.22
Audi,2023,25950.0,276.0,3.0,Gasoline,Automatic,0,52312.05
Toyota,2015,121086.0,127.0,1.9,Gasoline,Manual,0,11134.15
Toyota,2012,244601.0,315.0,3.2,Diesel,Automatic,0,29395.22
Honda,2016,115994.0,142.0,1.7,Diesel,Automatic,0,12610.61
Toyota,2013,189270.0,313.0,3.8,Diesel,Manual,1,23833.25
Honda,2023,36493.0,243.0,2.9,Diesel,Automatic,0,34781.25
Volkswagen,2018,82358.0,137.0,2.1,Diesel,Automatic,0,19670.4
Ford,2024,17961.0,236.0,2.9,Gasoline,Manual,0,34325.23
Audi,2014,208947.0,153.0,2.2,Hybrid,Automatic,2,13116.59
Mercedes-Benz,2012,263464.0,,2.8,Gasoline,Manual,0,24172.3
Ford,2011,210164.0,214.0,2.8,Gasoline,Automatic,0,15956.19
Honda,2020,63845.0,268.0,3.1,Diesel,Manual,2,24118.03
Ford,2011,206123.0,128.0,1.8,Gasoline,Manual,0,8330.2
Volkswagen,2012,202133.0,349.0,3.7,Electric,Manual,3,24194.65
Honda,2011,256580.0,92.0,1.6,Diesel,Manual,0,3500.0
Volkswagen,2023,11788.0,153.0,2.1,Hybrid,Automatic,0,28681.63
Ford,2013,156843.0,118.0,2.0,Hybrid,Manual,1,6455.83
Volkswagen,2011,141251.0,100.0,2.0,Electric,Automatic,2,3500.0
Ford,2019,61607.0,186.0,2.2,Hybrid,Manual,0,21543.23
Honda,2018,112196.0,292.0,3.2,Hybrid,Manual,2,25429.16
Audi,2011,231142.0,110.0,2.2,Diesel,Automatic,0,6483.8
Mercedes-Benz,2018,82411.0,128.0,1.9,Gasoline,Automatic,1,22238.06
Toyota,2022,48306.0,312.0,3.3,Gasoline,Automatic,0,41888.81
Mercedes-Benz,2015,174449.0,191.0,2.8,Diesel,Automatic,0,23717.37
Volkswagen,2010,311263.0,135.0,2.1,Electric,Manual,2,3989.87
Audi,2013,175192.0,155.0,1.8,Diesel,Automatic,2,11915.89
Mercedes-Benz,2024,22364.0,180.0,2.1,Hybrid,Manual,0,51274.24
Ford,2023,23880.0,253.0,2.9,Hybrid,Manual,0,37749.9
Toyota,2010,139602.0,200.0,2.5,Gasoline,Automatic,0,14069.26
Honda,2023,36558.0,212.0,2.5,Gasoline,Automatic,0,32134.76
Volkswagen,2015,87221.0,282.0,3.4,Gasoline,Automatic,0,31603.1
Volkswagen,2023,41205.0,188.0,2.2,Gasoline,Manual,0,28856.63
Honda,2022,33805.0,380.0,3.7,Diesel,Automatic,0,49766.7
Toyota,2013,145487.0,248.0,2.4,Electric,Automatic,1,24307.73
Mercedes-Benz,2012,177063.0,192.0,2.6,Diesel,Automatic,0,19255.54
Hyundai,2012,157778.0,370.0,3.5,Gasoline,Manual,0,32769.11
Volkswagen,2018,118640.0,132.0,2.2,Gasoline,Manual,0,14399.51
Toyota,2015,204189.0,173.0,2.4,Gasoline,Automatic,1,11471.49
Honda,2018,86026.0,280.0,3.5,Diesel,Automatic,0,34637.97
Toyota,2022,34601.0,140.0,2.1,Gasoline,Automatic,0,22739.75
Audi,2014,143762.0,299.0,3.1,Gasoline,Automatic,1,30789.35
Toyota,2011,219365.0,215.0,2.6,Gasoline,Manual,2,13464.69
Volkswagen,2017,103956.0,158.0,2.0,Gasoline,Automatic,1,18274.78
Honda,2014,210022.0,354.0,3.6,Hybrid,Automatic,2,27545.13
Volkswagen,2011,243011.0,347.0,3.4,Gasoline,Manual,1,25680.2
BMW,2013,110431.0,277.0,3.0,Gasoline,Manual,1,27859.3
Mercedes-Benz,2018,120077.0,319.0,3.1,Gasoline,Automatic,0,45356.2
Honda,2024,15696.0,278.0,3.0,Gasoline,Automatic,0,43227.33
Toyota,2013,148219.0,99.0,1.9,Diesel,Automatic,0,4781.91
Toyota,2022,31464.0,203.0,2.1,Diesel,Manual,0,29782.48
Audi,2021,49078.0,165.0,2.0,Diesel,Automatic,0,34287.17
Mercedes-Benz,2021,45306.0,253.0,2.8,Diesel,Manual,0,47230.85
Volkswagen,2021,24826.0,174.0,1.8,Gasoline,Automatic,1,23321.41
Volkswagen,2022,34737.0,138.0,2.3,Diesel,Automatic,0,23819.9
BMW,2024,20184.0,415.0,3.8,Gasoline,Manual,0,71119.13
Toyota,2023,38058.0,266.0,2.7,Gasoline,Manual,3,23999.62
Audi,2013,147236.0,307.0,3.2,Diesel,Automatic,0,34528.91
Ford,2011,174021.0,278.0,3.0,Hybrid,Automatic,0,26926.01
Ford,2022,63636.0,319.0,3.1,Diesel,Manual,0,36911.23
Volkswagen,2021,42883.0,344.0,3.7,Gasoline,Automatic,2,35478.13
Toyota,2024,9180.0,325.0,3.4,Gasoline,Automatic,0,47980.28
Toyota,2015,114249.0,115.0,1.7,Electric,Manual,1,8180.58
BMW,2022,33221.0,161.0,2.0,Gasoline,Automatic,0,40645.69
Toyota,2020,38036.0,350.0,3.2,Gasoline,Automatic,0,44936.83
Volkswagen,2023,29358.0,343.0,3.2,Gasoline,Automatic,0,51808.77
Honda,2011,240105.0,360.0,3.6,Gasoline,Automatic,1,30088.26
Ford,2021,36168.0,212.0,2.3,Gasoline,Manual,2,19921.42
Honda,2016,128760.0,233.0,3.0,Diesel,Automatic,1,20032.57
Ford,2012,205768.0,346.0,3.5,Diesel,Automatic,1,27048.62
BMW,2024,8045.0,233.0,2.4,Hybrid,Automatic,0,60138.58
Honda,2012,194245.0,348.0,3.3,Gasoline,Automatic,1,31242.99
Volkswagen,2014,165556.0,136.0,2.2,Gasoline,Manual,0,11175.61
Ford,2012,148950.0,102.0,1.7,Diesel,Automatic,1,3500.0
BMW,2011,265397.0,297.0,3.3,Diesel,Automatic,0,27983.09
Audi,2019,101739.0,400.0,3.8,Diesel,Manual,0,49596.46
BMW,2018,129951.0,324.0,3.2,Hybrid,Automatic,0,47316.89
Honda,2011,246608.0,238.0,2.9,Gasoline,Automatic,0,18856.04
Toyota,2023,21997.0,411.0,3.8,Hybrid,Automatic,0,64902.59
Honda,2020,82703.0,244.0,2.8,Diesel,Manual,1,26543.63
Volkswagen,2011,231925.0,255.0,2.8,Gasoline,Manual,0,20846.31
Toyota,2022,31139.0,179.0,2.5,Hybrid,Automatic,0,29734.03
Volkswagen,2024,12771.0,275.0,3.3,Diesel,Automatic,1,37828.42
Volkswagen,2017,121835.0,407.0,3.8,Gasoline,Automatic,0,47994.61
Ford,2024,21735.0,263.0,2.8,Gasoline,Automatic,1,34133.07
Mercedes-Benz,2018,111648.0,306.0,3.3,Gasoline,Manual,0,41547.2
Toyota,2016,101422.0,,3.3,Diesel,Automatic,3,24592.59
Toyota,2012,267253.0,186.0,2.7,Gasoline,Automatic,0,13271.34
BMW,2018,99184.0,206.0,2.8,Gasoline,Automatic,0,31660.36
Volkswagen,2012,163055.0,288.0,2.9,Gasoline,Manual,0,26162.64
BMW,2014,137970.0,409.0,3.6,Diesel,Manual,0,44572.86
Ford,2018,49326.0,110.0,1.6,Hybrid,Automatic,2,12901.94
Honda,2021,60915.0,,2.8,Diesel,Manual,0,33765.79
Mercedes-Benz,2023,35303.0,337.0,3.6,Gasoline,Manual,0,61062.43
Mercedes-Benz,2023,22795.0,365.0,3.9,Hybrid,Manual,0,69471.32
BMW,2012,194040.0,353.0,3.7,Diesel,Automatic,2,29264.21
Honda,2016,94605.0,147.0,2.0,Hybrid,Automatic,0,17134.72
Volkswagen,2021,50836.0,391.0,3.9,Gasoline,Automatic,3,34689.91
Ford,2010,227165.0,120.0,1.7,Gasoline,Manual,0,5025.14
Toyota,2013,176345.0,338.0,3.6,Diesel,Automatic,0,33259.21
Audi,2013,107278.0,182.0,2.4,Gasoline,Manual,0,19287.57
Toyota,2016,108708.0,354.0,3.7,Diesel,Automatic,1,33209.25
Audi,2017,151428.0,360.0,3.4,Hybrid,Automatic,2,39174.31
Ford,2010,178362.0,183.0,2.3,Hybrid,Automatic,0,14307.75
Honda,2014,154493.0,243.0,2.9,Electric,Manual,0,25408.91
Volkswagen,2016,119624.0,374.0,4.0,Diesel,Manual,1,35703.72
Mercedes-Benz,2021,76495.0,169.0,2.1,Gasoline,Automatic,0,37628.37
BMW,2013,219925.0,381.0,3.9,Gasoline,Automatic,0,41485.05
Mercedes-Benz,2022,55430.0,173.0,2.1,Diesel,Manual,0,39189.87
BMW,2013,124189.0,126.0,2.3,Diesel,Automatic,0,15020.6
BMW,2013,181199.0,416.0,3.9,Gasoline,Automatic,0,45724.01
Mercedes-Benz,2021,67538.0,321.0,3.4,Gasoline,Automatic,0,57421.99
Honda,2015,112724.0,182.0,2.3,Diesel,Automatic,0,16860.39
Volkswagen,2016,100695.0,191.0,2.9,Diesel,Manual,2,14444.21
Honda,2011,281203.0,255.0,2.9,Electric,Manual,0,21539.7
Hyundai,2024,13656.0,248.0,2.7,Diesel,Manual,1,26060.46
Audi,2014,210505.0,103.0,1.9,Diesel,Automatic,0,9986.91
Toyota,2013,216027.0,314.0,3.4,Diesel,Manual,1,24472.11
BMW,2024,26531.0,162.0,2.1,Electric,Automatic,0,52722.43
Audi,2023,31212.0,338.0,3.2,Diesel,Manual,1,46898.46
Honda,2022,22064.0,180.0,2.2,Hybrid,Automatic,0,30515.72
Volkswagen,2012,191554.0,305.0,3.4,Electric,Automatic,2,23220.65
Audi,2016,175585.0,179.0,1.9,Hybrid,Manual,0,21618.98
Toyota,2020,78848.0,118.0,1.8,Gasoline,Manual,0,16290.01
BMW,2021,57516.0,394.0,4.0,Gasoline,Automatic,3,40433.21
Honda,2015,201621.0,309.0,3.2,Gasoline,Manual,0,29153.07
Audi,2023,32720.0,417.0,4.4,Gasoline,Manual,0,62136.42
Hyundai,2016,110361.0,304.0,2.8,Gasoline,Manual,2,23580.78
Audi,2014,164007.0,310.0,3.0,Gasoline,Automatic,0,36648.13
Ford,2022,47917.0,131.0,1.5,Gasoline,Automatic,0,19346.72
Mercedes-Benz,2015,81887.0,224.0,3.0,Diesel,Automatic,3,20472.17
Mercedes-Benz,2014,161358.0,131.0,1.7,Diesel,Manual,0,14412.71
Honda,2023,37900.0,253.0,2.4,Gasoline,Automatic,2,27764.14
Mercedes-Benz,2016,123262.0,372.0,3.5,Diesel,Automatic,0,51039.92
Toyota,2011,253008.0,147.0,1.8,Diesel,Automatic,1,5430.79
Volkswagen,2023,30651.0,391.0,3.7,Diesel,Manual,0,51916.2
Honda,2020,106456.0,411.0,3.9,Hybrid,Automatic,3,35284.33
Toyota,2014,134134.0,114.0,2.0,Gasoline,Automatic,0,9673.57
Toyota,2015,,162.0,2.1,Gasoline,Automatic,0,14721.37
BMW,2015,109644.0,218.0,2.6,Gasoline,Manual,1,22378.85
Ford,2024,10041.0,176.0,2.1,Gasoline,Manual,0,27673.62
BMW,2014,73961.0,419.0,3.7,Diesel,Manual,1,44132.7
Toyota,2019,88582.0,242.0,2.4,Gasoline,Manual,2,19228.29
Honda,2016,132862.0,271.0,2.9,Gasoline,Automatic,0,28086.53
Volkswagen,2019,74395.0,214.0,2.5,Gasoline,Automatic,1,21978.28
Mercedes-Benz,2017,71375.0,156.0,2.0,Gasoline,Automatic,0,29281.59
Honda,2016,99952.0,95.0,1.3,Diesel,Manual,0,7497.48
Volkswagen,2014,165631.0,214.0,2.6,Diesel,Manual,0,17162.53
Audi,2010,253535.0,403.0,4.2,Gasoline,Manual,1,32553.14
Volkswagen,2022,43716.0,415.0,3.9,Gasoline,Manual,0,51659.32
Honda,2014,160739.0,142.0,1.9,Gasoline,Automatic,1,8700.23
Toyota,2019,77675.0,155.0,2.1,Gasoline,Manual,0,15141.49
Mercedes-Benz,2011,284077.0,403.0,3.7,Hybrid,Manual,1,34592.32
Toyota,2022,35995.0,171.0,2.0,Gasoline,Automatic,0,26222.62
Mercedes-Benz,2014,122188.0,176.0,2.3,Diesel,Automatic,2,17736.63
Volkswagen,2014,142078.0,91.0,1.8,Hybrid,Automatic,0,8116.17
Audi,2011,224400.0,293.0,3.1,Gasoline,Automatic,0,28076.08
Mercedes-Benz,2014,117045.0,239.0,2.3,Gasoline,Manual,0,28745.52
Hyundai,2022,42320.0,382.0,3.8,Electric,Automatic,1,46792.59
Ford,2013,170286.0,192.0,2.8,Hybrid,Automatic,0,16619.69
Mercedes-Benz,2010,173910.0,113.0,1.8,Diesel,Automatic,1,9275.32
Ford,2012,197951.0,301.0,3.1,Diesel,Automatic,0,26731.84
Ford,2010,150163.0,,1.9,Hybrid,Manual,1,9658.0
Volkswagen,2021,44327.0,298.0,3.2,Gasoline,Automatic,0,44175.77
Mercedes-Benz,2020,76726.0,340.0,3.3,Hybrid,Manual,0,55296.54
Hyundai,2024,4543.0,206.0,2.7,Diesel,Automatic,0,28719.68
Mercedes-Benz,2014,66312.0,205.0,2.3,Diesel,Automatic,0,30404.72
Ford,2013,188864.0,326.0,3.4,Electric,Automatic,0,37592.53
Ford,2016,159162.0,194.0,2.4,Hybrid,Automatic,2,14745.07
BMW,2014,134707.0,348.0,3.8,Gasoline,Automatic,3,26413.81
Honda,2019,69666.0,135.0,2.0,Gasoline,Manual,1,12139.63
Toyota,2023,36146.0,400.0,4.1,Diesel,Automatic,0,55800.79
Ford,2013,113046.0,305.0,3.2,Diesel,Automatic,0,28833.02
Honda,2011,122928.0,390.0,3.8,Diesel,Manual,1,33735.47
Honda,2013,184109.0,113.0,1.8,Electric,Automatic,0,7966.89
Honda,2021,60839.0,124.0,1.7,Hybrid,Automatic,2,14950.44
Toyota,2011,248255.0,113.0,1.9,Gasoline,Automatic,0,3500.0
Toyota,2017,57312.0,117.0,1.7,Gasoline,Automatic,3,9547.2
Hyundai,2012,112581.0,,1.8,Diesel,Automatic,0,6419.56
Ford,2018,98473.0,148.0,2.2,Diesel,Manual,1,11795.34
Ford,2022,47460.0,332.0,3.7,Diesel,Manual,0,38622.88
BMW,2013,200765.0,296.0,3.1,Diesel,Automatic,2,24532.78
Honda,2022,36068.0,360.0,3.7,Diesel,Automatic,0,48690.75
Audi,2015,154492.0,338.0,3.6,Gasoline,Automatic,1,34534.12
Mercedes-Benz,2019,82819.0,356.0,3.5,Gasoline,Manual,1,45800.85
Toyota,2014,213340.0,282.0,3.4,Diesel,Manual,0,26544.65
Ford,2019,63388.0,307.0,3.1,Gasoline,Manual,0,33763.37
Mercedes-Benz,2022,43346.0,204.0,2.5,Gasoline,Automatic,0,45726.99
Audi,2010,153163.0,157.0,2.4,Gasoline,Automatic,0,15134.78
Ford,2018,120238.0,388.0,4.1,Diesel,Automatic,0,44297.81
Volkswagen,2010,147280.0,414.0,4.0,Gasoline,Manual,0,39382.58
Toyota,2017,131399.0,164.0,2.4,Hybrid,Manual,0,17481.47
Hyundai,2018,101168.0,192.0,2.3,Diesel,Automatic,1,16786.43
Honda,2018,149000.0,386.0,3.7,Diesel,Manual,1,33661.07
Audi,2010,199729.0,267.0,2.7,Diesel,Automatic,0,26623.85
BMW,2011,208462.0,304.0,3.3,Gasoline,Automatic,2,22450.86
Volkswagen,2021,45071.0,404.0,4.1,Diesel,Automatic,2,40227.94
Volkswagen,2022,39082.0,128.0,1.8,Electric,Automatic,0,28350.09
Honda,2010,214410.0,348.0,3.5,Diesel,Automatic,0,33250.14
Toyota,2019,55027.0,293.0,3.6,Electric,Manual,0,39662.0
Honda,2011,119491.0,96.0,1.9,Diesel,Automatic,1,6281.32
Honda,2019,94554.0,138.0,1.8,Gasoline,Automatic,1,12507.99
Mercedes-Benz,2021,56349.0,115.0,2.0,Gasoline,Manual,0,29556.42
Ford,2017,98796.0,250.0,2.6,Diesel,Automatic,1,23622.44
Toyota,2014,126373.0,265.0,2.3,Gasoline,Manual,0,21375.42
Hyundai,2021,44779.0,168.0,2.2,Gasoline,Manual,0,17588.66
Audi,2020,71370.0,91.0,2.0,Hybrid,Manual,1,17924.95
Audi,2016,143721.0,221.0,2.9,Gasoline,Automatic,1,22930.93
Hyundai,2011,93656.0,365.0,3.7,Gasoline,Automatic,0,34975.81
Toyota,2017,146350.0,206.0,2.4,Hybrid,Automatic,0,20962.42
Ford,2020,87312.0,253.0,2.9,Hybrid,Manual,2,21971.48
BMW,2015,50979.0,377.0,3.6,Gasoline,Automatic,0,49366.23
BMW,2017,149684.0,117.0,1.7,Hybrid,Automatic,1,17224.88
Toyota,2010,269436.0,90.0,1.9,Hybrid,Automatic,0,3500.0
Mercedes-Benz,2024,13469.0,277.0,2.9,Gasoline,Manual,0,57757.64
Honda,2010,139630.0,145.0,2.3,Gasoline,Manual,0,10189.42
Honda,2021,67344.0,124.0,1.8,Gasoline,Manual,0,15820.47
Volkswagen,2016,123867.0,201.0,2.8,Diesel,Automatic,1,18801.09
Volkswagen,2017,136891.0,375.0,3.4,Gasoline,Automatic,0,41269.3
Volkswagen,2022,62275.0,399.0,3.7,Electric,Automatic,0,60741.99
Toyota,2012,199151.0,125.0,1.9,Diesel,Automatic,0,6884.83
Mercedes-Benz,2014,118840.0,306.0,2.8,Diesel,Automatic,0,39261.75
Honda,2021,50238.0,169.0,1.7,Electric,Automatic,2,23194.54
Toyota,2010,176075.0,403.0,3.5,Hybrid,Automatic,1,39346.45
Audi,2016,139604.0,172.0,2.2,Gasoline,Manual,0,19826.68
Audi,2014,124448.0,154.0,2.0,Gasoline,Manual,1,15295.8
Mercedes-Benz,2017,100002.0,414.0,4.0,Diesel,Automatic,1,51600.38
Mercedes-Benz,2022,20385.0,217.0,2.5,Gasoline,Automatic,1,44357.71
BMW,2017,109744.0,396.0,3.9,Diesel,Manual,0,51243.01
Volkswagen,2018,99517.0,111.0,1.7,Diesel,Automatic,0,12392.66
Toyota,2016,34323.0,305.0,3.3,Hybrid,Automatic,0,40629.86
Ford,2020,71957.0,196.0,2.5,Gasoline,Automatic,1,20129.37
Ford,2010,204974.0,198.0,2.3,Diesel,Automatic,1,12681.06
Honda,2022,39117.0,270.0,3.0,Gasoline,Automatic,0,36624.7
BMW,2012,268984.0,253.0,2.8,Diesel,Automatic,0,23467.87
Volkswagen,2017,134888.0,157.0,1.8,Gasoline,Manual,0,15564.31
Toyota,2012,133291.0,381.0,3.9,Hybrid,Automatic,0,43798.33
Honda,2017,128842.0,269.0,2.7,Gasoline,Automatic,3,18441.03
BMW,2010,272041.0,,3.1,Diesel,Automatic,0,21602.8
Toyota,2014,150760.0,258.0,2.9,Gasoline,Automatic,0,25085.21
Mercedes-Benz,2013,187781.0,111.0,1.8,Gasoline,Manual,3,8823.86
Volkswagen,2014,165520.0,155.0,1.7,Diesel,Automatic,0,13074.07
Volkswagen,2017,53518.0,110.0,2.1,Gasoline,Manual,1,13276.02
Volkswagen,2019,84656.0,189.0,2.3,Gasoline,Automatic,0,24081.81
Mercedes-Benz,2024,9552.0,389.0,3.9,Gasoline,Automatic,0,74645.61
Ford,2023,36451.0,192.0,2.3,Diesel,Automatic,0,27207.61
BMW,2013,176735.0,136.0,1.9,Diesel,Automatic,1,12114.21
Volkswagen,2020,59499.0,128.0,2.0,Gasoline,Automatic,0,18958.13
Honda,2013,159612.0,374.0,3.7,Diesel,Manual,0,33617.12
Mercedes-Benz,2024,15119.0,399.0,3.8,Gasoline,Automatic,1,67887.21
Mercedes-Benz,2012,171677.0,179.0,2.3,Diesel,Manual,0,18051.66
BMW,2016,105450.0,174.0,2.3,Gasoline,Automatic,0,27309.28
Mercedes-Benz,2012,164999.0,362.0,3.7,Diesel,Manual,0,37410.14
Mercedes-Benz,2021,70768.0,277.0,3.0,Gasoline,Automatic,0,50526.41
BMW,2012,207001.0,248.0,2.9,Electric,Automatic,1,27209.3
Mercedes-Benz,2020,68436.0,332.0,3.3,Gasoline,Automatic,1,49294.92
BMW,2019,83999.0,162.0,2.6,Gasoline,Automatic,3,18743.34
BMW,2014,132875.0,138.0,2.3,Gasoline,Automatic,1,15907.85
Volkswagen,2014,145518.0,190.0,2.5,Hybrid,Automatic,0,20188.7
BMW,2023,24459.0,91.0,1.3,Diesel,Automatic,2,24029.39
Toyota,2015,137532.0,333.0,3.5,Diesel,Automatic,0,34698.52
Audi,2017,150036.0,265.0,2.8,Hybrid,Automatic,0,36799.95
Mercedes-Benz,2019,58169.0,327.0,3.1,Hybrid,Automatic,0,58668.93
Toyota,2015,111440.0,148.0,2.0,Diesel,Automatic,0,14017.84
Mercedes-Benz,2024,5349.0,188.0,2.2,Gasoline,Automatic,1,47234.14
Toyota,2021,28093.0,91.0,1.8,Hybrid,Automatic,0,20006.0
Ford,2010,204858.0,332.0,3.7,Gasoline,Automatic,0,29353.27
BMW,2024,1000.0,386.0,3.9,Diesel,Manual,0,68986.78
Toyota,2017,163768.0,300.0,3.7,Diesel,Automatic,0,33155.81
Mercedes-Benz,2017,99740.0,212.0,2.2,Diesel,Automatic,0,31260.8
Mercedes-Benz,2018,127028.0,318.0,3.2,Diesel,Automatic,1,40496.01
Volkswagen,2018,117226.0,171.0,2.0,Diesel,Automatic,0,17723.43
Toyota,2011,192991.0,233.0,2.9,Electric,Manual,1,21498.06
Honda,2024,21467.0,229.0,2.6,Gasoline,Manual,0,34033.23
Volkswagen,2011,213110.0,118.0,1.9,Gasoline,Automatic,0,6405.85
Hyundai,2012,257345.0,359.0,3.7,Diesel,Automatic,1,25884.03
Volkswagen,2010,284138.0,336.0,3.1,Electric,Automatic,2,26042.85
Honda,2013,179437.0,101.0,1.6,Gasoline,Automatic,0,4287.04
Volkswagen,2023,32155.0,195.0,2.6,Gasoline,Automatic,1,30883.1
Volkswagen,2013,190500.0,121.0,1.8,Gasoline,Automatic,3,5884.43
Mercedes-Benz,2023,17473.0,163.0,1.8,Gasoline,Automatic,3,27537.64
Toyota,2018,98930.0,260.0,2.7,Hybrid,Automatic,1,29599.67
Mercedes-Benz,2018,123648.0,158.0,2.1,Diesel,Automatic,1,21847.54
Volkswagen,2018,137452.0,390.0,3.8,Diesel,Manual,0,39642.53
Hyundai,2019,71653.0,226.0,2.6,Diesel,Automatic,2,18524.96
Ford,2016,141987.0,189.0,2.2,Diesel,Automatic,0,18151.18
Volkswagen,2023,31073.0,235.0,2.9,Gasoline,Automatic,3,24549.99
Audi,2024,10841.0,98.0,1.7,Gasoline,Automatic,0,37172.67
Toyota,2011,220018.0,151.0,2.1,Diesel,Automatic,0,9679.7
Audi,2019,85750.0,274.0,2.8,Gasoline,Manual,0,37969.63
BMW,2014,180830.0,118.0,2.1,Gasoline,Automatic,0,11576.11
Toyota,2013,221172.0,203.0,2.4,Gasoline,Manual,0,15986.7
Honda,2021,65076.0,,2.7,Gasoline,Automatic,0,28419.33
BMW,2020,73780.0,209.0,2.7,Gasoline,Automatic,1,35841.2
Toyota,2017,165604.0,259.0,2.9,Diesel,Automatic,1,24503.96
Volkswagen,2011,254696.0,,2.8,Gasoline,Manual,0,21924.63
Ford,2015,130519.0,349.0,3.1,Hybrid,Manual,1,32744.06
Volkswagen,2022,23680.0,171.0,2.4,Gasoline,Manual,0,27761.65
Toyota,2014,108959.0,331.0,3.4,Diesel,Manual,0,32145.98
Mercedes-Benz,2024,23867.0,261.0,3.0,Hybrid,Automatic,1,57908.86
Hyundai,2021,48664.0,320.0,3.3,Electric,Automatic,2,32034.79
Hyundai,2011,141183.0,297.0,3.0,Hybrid,Automatic,0,27300.15
BMW,2020,54518.0,164.0,2.4,Gasoline,Manual,0,31737.08
Toyota,2019,75474.0,359.0,3.6,Gasoline,Automatic,0,43548.71
